,joint_x,joint_y,joint_z,qx,qy,qz,qw,dt,object_x,object_y,object_z
0,0.41813978006285263,-0.41798333178155406,1.1351765667713403,0.9951227178581272,0.09738671940404273,0.01510580097073115,0.004291627127916717,0.010829383886255428,0.12096134573221207,-0.007332914508879185,0.7455532550811768
1,0.41813978006285263,-0.41798333178155406,1.1351765667713403,0.9951162308245605,0.09758189947322066,0.0142519427447198,0.004282776286433182,0.010829383886255428,0.12096134573221207,-0.007332914508879185,0.7455532550811768
2,0.4181397777627601,-0.4179833338210648,1.1351765660844042,0.9951089802487102,0.09777700466882701,0.013398073583341729,0.004273922158820164,0.010829383886255428,0.12096134573221207,-0.007332914508879185,0.7455532550811768
3,0.4181397743292507,-0.41798333597238363,1.135176563993977,0.9951009661361397,0.09797203484115957,0.012544194141761831,0.004265064751871342,0.010829383886255428,0.12096134573221207,-0.007332914508879185,0.7455532550811768
4,0.4181397814005607,-0.4179833279030318,1.1351765639606712,0.9950921884929982,0.09816698984057375,0.011690305075152873,0.004256204072382913,0.010829383886255428,0.12096134573221207,-0.007332914508879185,0.7455532550811768
5,0.4181397814005607,-0.4179833279030318,1.1351765639606712,0.9950826473260207,0.09836186951748262,0.010836407038695012,0.0042473401271535816,0.010829383886255428,0.12096134573221207,-0.007332914508879185,0.7455532550811768
6,0.4181397814005607,-0.4179833279030318,1.1351765639606712,0.995072342642528,0.09855667372235705,0.009982500687575288,0.004238472922984562,0.010829383886255428,0.12096134573221207,-0.007332914508879185,0.7455532550811768
7,0.4181397814005607,-0.4179833279030318,1.1351765639606712,0.9950612744504266,0.09875140230572575,0.009128586676987113,0.004229602466679566,0.010829383886255428,0.12096134573221207,-0.007332914508879185,0.7455532550811768
8,0.41813978457654755,-0.4179833257823049,1.1351765660875903,0.9950494427582093,0.0989460551181756,0.008274665662129794,0.004220728765044804,0.010829383886255428,0.12096134573221207,-0.007332914508879185,0.7455532550811768
9,0.41813978565537485,-0.41798332506193103,1.1351765668100677,0.9950368475749543,0.09914063201035148,0.007420738298207991,0.004211851824888974,0.010829383886255428,0.12096134573221207,-0.007332914508879185,0.7455532550811768
10,0.4181397761232146,-0.4179833327119906,1.135176563344387,0.9950234889103257,0.09933513283295657,0.0065668052404312515,0.004202971653023258,0.010829383886255428,0.12096134573221207,-0.007332914508879185,0.7455532550811768
11,0.4181397752071369,-0.41798333344719113,1.1351765630113217,0.9950093667745735,0.09952955743675246,0.005712867144013482,0.004194088256261319,0.010829383886255428,0.12096134573221207,-0.007332914508879185,0.7455532550811768
12,0.4181397763405815,-0.41798333227840895,1.13517656331938,0.9949944811785334,0.09972390567255913,0.004858924664172459,0.0041852016414192965,0.010829383886255428,0.12096134573221207,-0.007332914508879185,0.7455532550811768
13,0.4181397897014891,-0.4179833185009464,1.1351765669507325,0.9949788321336274,0.09991817739125526,0.00400497845612933,0.004176311815315796,0.010829383886255428,0.12096134573221207,-0.007332914508879185,0.7455532550811768
14,0.4181397897014891,-0.4179833185009464,1.1351765669507325,0.994962419651862,0.10011237244377816,0.0031510291751080857,0.004167418784771888,0.010829383886255428,0.12096134573221207,-0.007332914508879185,0.7455532550811768
15,0.41813978332440827,-0.4179833245784978,1.1351765659857063,0.9949452437458312,0.10030649068112402,0.0022970774763350875,0.004158522556611102,0.010829383886255428,0.12096134573221207,-0.007332914508879185,0.7455532550811768
16,0.41813977020056076,-0.4179833370859224,1.13517656399971,0.9949273044287135,0.10050053195434791,0.001443124015038549,0.004149623137659422,0.010829383886255428,0.12096134573221207,-0.007332914508879185,0.7455532550811768
17,0.4181397755660732,-0.417983331492925,1.1351765639059146,0.9949086017142733,0.100694496114564,0.0005891694464480388,0.004140720534745276,0.010829383886255428,0.12096134573221207,-0.007332914508879185,0.7455532550811768
18,0.41813978108636,-0.41798332573859115,1.1351765638094136,0.9948891356168614,0.10088838301294567,-0.00026478557420602823,0.004131814754699542,0.010829383886255428,0.12096134573221207,-0.007332914508879185,0.7455532550811768
19,0.41813099120405983,-0.417987051896178,1.1351567473057302,0.9948689061514139,0.10108219250072546,-0.0011187403916928917,0.00412290580435553,0.010829383886255428,0.12096134573221207,-0.007332914508879185,0.7455532550811768
20,0.41812643817150147,-0.4179889819921942,1.135146482641952,0.9948479133334525,0.10127592442919539,-0.001972694350781951,0.004113993690548984,0.010829383886255428,0.12096134573221207,-0.007332914508879185,0.7455532550811768
21,0.41812643817150147,-0.4179889819921942,1.135146482641952,0.9948261571790846,0.101469578649707,-0.002826646796243247,0.0041050784201180765,0.010829383886255428,0.12096134573221207,-0.007332914508879185,0.7455532550811768
22,0.41939479675151636,-0.4241141099181684,1.1393813755314632,0.994803637705004,0.10166315501367143,-0.003680597072847999,0.0040961599999034025,0.010829383886255428,0.12096134573221207,-0.007332914508879185,0.7455532550811768
23,0.41952395075835863,-0.4247378174615444,1.1398126048335284,0.994780354928489,0.10185665337255953,-0.00453454452536909,0.00408723843674797,0.010829383886255428,0.12096134573221207,-0.007332914508879185,0.7455532550811768
24,0.41952395075835863,-0.4247378174615444,1.1398126048335284,0.994756308867405,0.10205007357790205,-0.0053884884985815566,0.004078313737497204,0.010829383886255428,0.12096134573221207,-0.007332914508879185,0.7455532550811768
25,0.4196730319485,-0.4244677979688926,1.1403263453104142,0.9947314995402016,0.1022434154812897,-0.006242428337263113,0.00406938590899893,0.010829383886255428,0.12096134573221207,-0.007332914508879185,0.7455532550811768
26,0.4210671674489576,-0.42272424628520255,1.143378839254718,0.994705926965915,0.10243667893437323,-0.0070963633861946505,0.004060454958103381,0.010829383886255428,0.12096134573221207,-0.007332914508879185,0.7455532550811768
27,0.42294231785821385,-0.42181183427974395,1.144273218187724,0.9946795911641669,0.10262986378886364,-0.007950292990160732,0.004051520891663179,0.010829383886255428,0.12096134573221207,-0.007332914508879185,0.7455532550811768
28,0.42294231785821385,-0.42181183427974395,1.144273218187724,0.9946524921551643,0.10282296989653218,-0.00880421649395009,0.004042583716533342,0.010829383886255428,0.12096134573221207,-0.007332914508879185,0.7455532550811768
29,0.4255012791996507,-0.4207561204361296,1.1411752371809893,0.9946246299597002,0.1030159971092106,-0.009658133242356145,0.00403364343957127,0.010829383886255428,0.12096134573221207,-0.007332914508879185,0.7455532550811768
30,0.4281844619654292,-0.41964915834767963,1.1379268687467434,0.9945960045991525,0.10320894527879108,-0.010512042580177516,0.004024700067636743,0.010829383886255428,0.12096134573221207,-0.007332914508879185,0.7455532550811768
31,0.4281844619654292,-0.41964915834767963,1.1379268687467434,0.9945666160954857,0.10340181425722654,-0.011365943852218471,0.00401575360759192,0.010829383886255428,0.12096134573221207,-0.007332914508879185,0.7455532550811768
32,0.4281844619654292,-0.41964915834767963,1.1379268687467434,0.9945364644712491,0.10359460389653063,-0.012219836403289509,0.004006804066301324,0.010829383886255428,0.12096134573221207,-0.007332914508879185,0.7455532550811768
33,0.4283148865245076,-0.4191471943467291,1.1362984610686757,0.9945055497495775,0.10378731404877785,-0.013073719578207792,0.003997851450631844,0.010829383886255428,0.12096134573221207,-0.007332914508879185,0.7455532550811768
34,0.42834353469355374,-0.419036936358081,1.1359407761451694,0.9944738719541917,0.10397994456610374,-0.013927592721797668,0.00398889576745273,0.010829383886255428,0.12096134573221207,-0.007332914508879185,0.7455532550811768
35,0.42834353469355374,-0.419036936358081,1.1359407761451694,0.9944414311093978,0.10417249530070491,-0.01478145517889122,0.003979937023635584,0.010829383886255428,0.12096134573221207,-0.007332914508879185,0.7455532550811768
36,0.42686854268705127,-0.4187441770016053,1.135670904706329,0.9944082272400868,0.10436496610483917,-0.015635306294328705,0.003970975226054356,0.010829383886255428,0.12096134573221207,-0.007332914508879185,0.7455532550811768
37,0.42648990382709734,-0.41831663303239797,1.1355651553280275,0.9943742603717364,0.10455735683082573,-0.016489145412959073,0.003962010381585338,0.010829383886255428,0.12096134573221207,-0.007332914508879185,0.7455532550811768
38,0.4243718927042302,-0.4159250589546445,1.134973619743154,0.9943395305304087,0.10474966733104517,-0.017342971879640505,0.003953042497107165,0.010829383886255428,0.12096134573221207,-0.007332914508879185,0.7455532550811768
39,0.42504038399471145,-0.41370922009417543,1.1340218876037067,0.9943040377427513,0.10494189745793965,-0.018196785039240874,0.0039440715795007976,0.010829383886255428,0.12096134573221207,-0.007332914508879185,0.7455532550811768
40,0.42647714139514864,-0.408946820155257,1.1319763737517603,0.9942677820359977,0.105134047064013,-0.019050584236638274,0.003935097635649529,0.010829383886255428,0.12096134573221207,-0.007332914508879185,0.7455532550811768
41,0.42693376664445465,-0.40688544881783373,1.1314691410299702,0.9942307634379668,0.10532611600183085,-0.01990436881672148,0.0039261206724389725,0.010829383886255428,0.12096134573221207,-0.007332914508879185,0.7455532550811768
42,0.4274217289206738,-0.40468261081999896,1.13092709821943,0.994192981977062,0.1055181041240207,-0.020758138124390535,0.003917140696757057,0.010829383886255428,0.12096134573221207,-0.007332914508879185,0.7455532550811768
43,0.4271722218770941,-0.40236031363260266,1.130590232523983,0.9941544376822731,0.10571001128327208,-0.02161189150455716,0.003908157715494025,0.010829383886255428,0.12096134573221207,-0.007332914508879185,0.7455532550811768
44,0.4270374516491751,-0.40110593412992146,1.1304082758709677,0.9941151305831745,0.10590183733233663,-0.0224656283021453,0.0038991717355424246,0.010829383886255428,0.12096134573221207,-0.007332914508879185,0.7455532550811768
45,0.4270374516491751,-0.40110593412992146,1.1304082758709677,0.994075060709926,0.10609358212402821,-0.023319347862091652,0.0038901827637971022,0.010829383886255428,0.12096134573221207,-0.007332914508879185,0.7455532550811768
46,0.4270374516491751,-0.40110593412992146,1.1304082758709677,0.994034228093273,0.10628524551122309,-0.024173049529346097,0.003881190807155205,0.010829383886255428,0.12096134573221207,-0.007332914508879185,0.7455532550811768
47,0.4270374516491751,-0.40110593412992146,1.1304082758709677,0.9939926327645461,0.1064768273468599,-0.025026732648872306,0.003872195872516164,0.010829383886255428,0.12096134573221207,-0.007332914508879185,0.7455532550811768
48,0.4251565267416943,-0.3986584026685374,1.1300965636148408,0.9939502747556607,0.10666832748393994,-0.025880396565648108,0.0038631979667817016,0.010829383886255428,0.12096134573221207,-0.007332914508879185,0.7455532550811768
49,0.4251565267416943,-0.3986584026685374,1.1300965636148408,0.9939071540991176,0.10685974577552712,-0.026734040624666104,0.0038541970968558143,0.010829383886255428,0.12096134573221207,-0.007332914508879185,0.7455532550811768
50,0.42447433271627505,-0.3982773387021919,1.1300100130765165,0.993863270828003,0.10705108207474823,-0.027587664170934147,0.003845193269644777,0.010829383886255428,0.12096134573221207,-0.007332914508879185,0.7455532550811768
51,0.42218863108471555,-0.3970005779902094,1.1297200241594505,0.9938186249759879,0.1072423362347929,-0.028441266549475805,0.003836186492057132,0.010829383886255428,0.12096134573221207,-0.007332914508879185,0.7455532550811768
52,0.4209373752605453,-0.3963581080130118,1.1294925674119458,0.9937732165773289,0.1074335081089138,-0.029294847105330882,0.0038271767710036852,0.010829383886255428,0.12096134573221207,-0.007332914508879185,0.7455532550811768
53,0.4190267750499859,-0.3953770909819616,1.1291452532166544,0.9937270456668671,0.10762459755042679,-0.030148405183555965,0.0038181641133975017,0.010829383886255428,0.12096134573221207,-0.007332914508879185,0.7455532550811768
54,0.4190267750499859,-0.3953770909819616,1.1291452532166544,0.9936801122800293,0.10781560441271092,-0.031001940129224834,0.0038091485261538996,0.010829383886255428,0.12096134573221207,-0.007332914508879185,0.7455532550811768
55,0.41736516066397467,-0.39224224084699205,1.129341097979833,0.9936324164528265,0.10800652854920859,-0.03185545128742906,0.003800130016190444,0.010829383886255428,0.12096134573221207,-0.007332914508879185,0.7455532550811768
56,0.41644882920110077,-0.39051346319903085,1.129449100606586,0.9935839582218555,0.10819736981342573,-0.03270893800327846,0.0037911085904269444,0.010829383886255428,0.12096134573221207,-0.007332914508879185,0.7455532550811768
57,0.415618135287054,-0.384570847913964,1.1298074624811363,0.9935347376242978,0.10838812805893185,-0.03356239962190158,0.003782084255785446,0.010829383886255428,0.12096134573221207,-0.007332914508879185,0.7455532550811768
58,0.41417954695503295,-0.3801069457209992,1.129691390787922,0.99348475469792,0.10857880313936014,-0.03441583548844625,0.003773057019190226,0.010829383886255428,0.12096134573221207,-0.007332914508879185,0.7455532550811768
59,0.41403102618984117,-0.37974004451787596,1.1296675301607255,0.993434009481073,0.10876939490840754,-0.035269244948080015,0.00376402688756779,0.010829383886255428,0.12096134573221207,-0.007332914508879185,0.7455532550811768
60,0.41403102618984117,-0.37974004451787596,1.1296675301607255,0.9933825020126936,0.10895990321983506,-0.03612262734599078,0.0037549938678468624,0.010829383886255428,0.12096134573221207,-0.007332914508879185,0.7455532550811768
61,0.41403102618984117,-0.37974004451787596,1.1296675301607255,0.9933302323323026,0.10915032792746764,-0.03697598202738711,0.0037459579669583847,0.010829383886255428,0.12096134573221207,-0.007332914508879185,0.7455532550811768
62,0.4135740930843575,-0.37907778661456737,1.1296356117693498,0.9932772004800061,0.10934066888519438,-0.03782930833749888,0.0037369191918355106,0.010829383886255428,0.12096134573221207,-0.007332914508879185,0.7455532550811768
63,0.412001281237061,-0.37679822520002093,1.129525745306404,0.993223406496495,0.10953092594696864,-0.03868260562157774,0.0037278775494135963,0.010829383886255428,0.12096134573221207,-0.007332914508879185,0.7455532550811768
64,0.412001281237061,-0.37679822520002093,1.129525745306404,0.9931688504230446,0.10972109896680819,-0.03953587322489759,0.0037188330466302005,0.010829383886255428,0.12096134573221207,-0.007332914508879185,0.7455532550811768
65,0.41090427089890086,-0.3752214527381036,1.1295254611337493,0.9931135323015154,0.10991118779879525,-0.040389110492755134,0.003709785690425075,0.010829383886255428,0.12096134573221207,-0.007332914508879185,0.7455532550811768
66,0.40968658942354313,-0.3734712353053753,1.1295251457021025,0.9930574521743523,0.11010119229707663,-0.041242316770470314,0.0037007354877401618,0.010829383886255428,0.12096134573221207,-0.007332914508879185,0.7455532550811768
67,0.4084500495622127,-0.37086903306986524,1.1297640638530755,0.9930006100845852,0.11029111231586389,-0.04209549140338688,0.0036916824455195873,0.010829383886255428,0.12096134573221207,-0.007332914508879185,0.7455532550811768
68,0.40775392341805633,-0.36940408958913357,1.1298985659232528,0.9929430060758282,0.11048094770943337,-0.042948633736872834,0.003682626570709656,0.010829383886255428,0.12096134573221207,-0.007332914508879185,0.7455532550811768
69,0.40775392341805633,-0.36940408958913357,1.1298985659232528,0.9928846401922803,0.11067069833212637,-0.043801743116321026,0.0036735678702588454,0.010829383886255428,0.12096134573221207,-0.007332914508879185,0.7455532550811768
70,0.40862132388333333,-0.3583457483979552,1.130583595729515,0.9928255124787252,0.1108603640383492,-0.04465481888714951,0.003664506351117802,0.010829383886255428,0.12096134573221207,-0.007332914508879185,0.7455532550811768
71,0.40873003807498137,-0.35695976963532744,1.1306694527985666,0.9927656229805306,0.11104994468257336,-0.04550786039480216,0.003655442020239335,0.010829383886255428,0.12096134573221207,-0.007332914508879185,0.7455532550811768
72,0.4101691591868795,-0.34682093671006214,1.1293452908754122,0.9927049717436497,0.1112394401193356,-0.04636086698474915,0.0036463748845784114,0.010829383886255428,0.12096134573221207,-0.007332914508879185,0.7455532550811768
73,0.41013401408139266,-0.3462695369159208,1.1291729851832584,0.992643558814619,0.11142885020323806,-0.04721383800248746,0.003637304951092148,0.010829383886255428,0.12096134573221207,-0.007332914508879185,0.7455532550811768
74,0.4099134482469578,-0.3428090278630332,1.1280916184256025,0.9925813842405602,0.11161817478894834,-0.04806677279354133,0.003628232226739811,0.010829383886255428,0.12096134573221207,-0.007332914508879185,0.7455532550811768
75,0.40989690609979595,-0.34166523344827954,1.1277086259162303,0.9925184480691792,0.11180741373119968,-0.04891967070346278,0.0036191567184828068,0.010829383886255428,0.12096134573221207,-0.007332914508879185,0.7455532550811768
76,0.40985891085553366,-0.3390380806518922,1.126828939996266,0.9924547503487664,0.11199656688479102,-0.04977253107783217,0.003610078433284678,0.010829383886255428,0.12096134573221207,-0.007332914508879185,0.7455532550811768
77,0.40985891085553366,-0.3390380806518922,1.126828939996266,0.9923902911281962,0.11218563410458714,-0.0506253532622587,0.0036009973781110983,0.010829383886255428,0.12096134573221207,-0.007332914508879185,0.7455532550811768
78,0.40985891085553366,-0.3390380806518922,1.126828939996266,0.9923250704569276,0.1123746152455187,-0.05147813660238077,0.003591913559929866,0.010829383886255428,0.12096134573221207,-0.007332914508879185,0.7455532550811768
79,0.41000654534157305,-0.33621921055216486,1.1259473684451786,0.9922590883850035,0.11256351016258245,-0.05233088044386663,0.003582826985710899,0.010829383886255428,0.12096134573221207,-0.007332914508879185,0.7455532550811768
80,0.4100913800835509,-0.334599412062023,1.125440793747912,0.9921923449630516,0.11275231871084132,-0.053183584132414884,0.0035737376624262324,0.010829383886255428,0.12096134573221207,-0.007332914508879185,0.7455532550811768
81,0.41023615896909876,-0.3309704209025329,1.124577760745992,0.9921248402422833,0.11294104074542446,-0.05403624701375487,0.0035646455970500084,0.010829383886255428,0.12096134573221207,-0.007332914508879185,0.7455532550811768
82,0.4102721395205367,-0.330068541442778,1.12436327917155,0.9920565742744942,0.11312967612152744,-0.054888868433647264,0.0035555507965584735,0.010829383886255428,0.12096134573221207,-0.007332914508879185,0.7455532550811768
83,0.4102721395205367,-0.330068541442778,1.12436327917155,0.991987547112064,0.1133182246944123,-0.055741447737884586,0.0035464532679299727,0.010829383886255428,0.12096134573221207,-0.007332914508879185,0.7455532550811768
84,0.4103064419311843,-0.32191738716012347,1.1225121232214503,0.991917758807957,0.1135066863194077,-0.05659398427229165,0.003537353018144946,0.010829383886255428,0.12096134573221207,-0.007332914508879185,0.7455532550811768
85,0.4102672963288525,-0.3208472786984637,1.1223085083913724,0.9918472094157204,0.113695060851909,-0.057446477382726055,0.003528250054185918,0.010829383886255428,0.12096134573221207,-0.007332914508879185,0.7455532550811768
86,0.4100114518564694,-0.31385335553832955,1.1209777400376493,0.9917758989894863,0.11388334814737841,-0.05829892641507878,0.0035191443830374994,0.010829383886255428,0.12096134573221207,-0.007332914508879185,0.7455532550811768
87,0.4100114518564694,-0.31385335553832955,1.1209777400376493,0.9917038275839702,0.11407154806134501,-0.05915133071527457,0.003510036011686376,0.010829383886255428,0.12096134573221207,-0.007332914508879185,0.7455532550811768
88,0.40996544397149803,-0.3120115058985682,1.1206933692416368,0.9916309952544724,0.114259660449405,-0.06000368962927253,0.0035009249471213053,0.010829383886255428,0.12096134573221207,-0.007332914508879185,0.7455532550811768
89,0.4098908597604574,-0.30902565027137735,1.1202323706220139,0.9915574020568756,0.1144476851672217,-0.06085600250306655,0.0034918111963331126,0.010829383886255428,0.12096134573221207,-0.007332914508879185,0.7455532550811768
90,0.4098908597604574,-0.30902565027137735,1.1202323706220139,0.9914830480476475,0.11463562207052572,-0.0617082686826859,0.003482694766314684,0.010829383886255428,0.12096134573221207,-0.007332914508879185,0.7455532550811768
91,0.40981003491295137,-0.30601101133674125,1.1199221959611225,0.9914079332838392,0.11482347101511504,-0.06256048751419563,0.00347357566406096,0.010829383886255428,0.12096134573221207,-0.007332914508879185,0.7455532550811768
92,0.4095851480058457,-0.3008611214298843,1.1193285456556794,0.9913320578230853,0.11501123185685512,-0.06341265834369711,0.003464453896568933,0.010829383886255428,0.12096134573221207,-0.007332914508879185,0.7455532550811768
93,0.4095137998659289,-0.29950161762037836,1.119163027560208,0.9912554217236043,0.11519890445167905,-0.06426478051732862,0.0034553294708376397,0.010829383886255428,0.12096134573221207,-0.007332914508879185,0.7455532550811768
94,0.4095137998659289,-0.29950161762037836,1.119163027560208,0.9911780250441982,0.11538648865558757,-0.06511685338126572,0.003446202393868157,0.010829383886255428,0.12096134573221207,-0.007332914508879185,0.7455532550811768
95,0.40914030328869394,-0.29492478066814387,1.1185641012778775,0.9910998678442529,0.11557398432464933,-0.06596887628172174,0.0034370726726635956,0.010829383886255428,0.12096134573221207,-0.007332914508879185,0.7455532550811768
96,0.40912282864461413,-0.2942936404985078,1.1185019706692747,0.9910209501837373,0.1157613913150008,-0.06682084856494849,0.0034279403142290945,0.010829383886255428,0.12096134573221207,-0.007332914508879185,0.7455532550811768
97,0.40906438161518316,-0.2847325246562041,1.117684779944627,0.9909412721232043,0.11594870948284661,-0.06767276957723652,0.0034188053255718174,0.010829383886255428,0.12096134573221207,-0.007332914508879185,0.7455532550811768
98,0.40906438161518316,-0.2847325246562041,1.117684779944627,0.9908608337237901,0.11613593868445947,-0.06852463866491573,0.0034096677137009455,0.010829383886255428,0.12096134573221207,-0.007332914508879185,0.7455532550811768
99,0.40906438161518316,-0.2847325246562041,1.117684779944627,0.990779635047214,0.11632307877618037,-0.06937645517435587,0.0034005274856276726,0.010829383886255428,0.12096134573221207,-0.007332914508879185,0.7455532550811768
100,0.40906438161518316,-0.2847325246562041,1.117684779944627,0.9906976761557791,0.11651012961441866,-0.07022821845196703,0.0033913846483652017,0.010829383886255428,0.12096134573221207,-0.007332914508879185,0.7455532550811768
101,0.40951249593949973,-0.2794758546844244,1.1175045547326343,0.9906149571123716,0.11669709105565221,-0.07107992784420017,0.003382239208928734,0.010829383886255428,0.12096134573221207,-0.007332914508879185,0.7455532550811768
102,0.4100391457639542,-0.27329791265573466,1.1172927436587459,0.9905314779804607,0.11688396295642745,-0.07193158269754757,0.0033730911743354705,0.010829383886255428,0.12096134573221207,-0.007332914508879185,0.7455532550811768
103,0.4100391457639542,-0.27329791265573466,1.1172927436587459,0.9904472388240995,0.1170707451733595,-0.07278318235854335,0.003363940551604603,0.010829383886255428,0.12096134573221207,-0.007332914508879185,0.7455532550811768
104,0.4106065035010112,-0.26914570015717676,1.1168855646895386,0.9903622397079234,0.11725743756313235,-0.07363472617376399,0.0033547873477573083,0.010829383886255428,0.12096134573221207,-0.007332914508879185,0.7455532550811768
105,0.4115019436767535,-0.26254739318252257,1.1164326343023239,0.9902764806971515,0.11744403998249889,-0.07448621348982883,0.0033456315698167445,0.010829383886255428,0.12096134573221207,-0.007332914508879185,0.7455532550811768
106,0.41167637475617397,-0.261258956188604,1.1163574315629585,0.9901899618575859,0.11763055228828101,-0.07533764365340055,0.0033364732248080437,0.010829383886255428,0.12096134573221207,-0.007332914508879185,0.7455532550811768
107,0.4127778219567691,-0.25494354654042983,1.1165635639542395,0.9901026832556115,0.11781697433736975,-0.0761890160111857,0.0033273123197583077,0.010829383886255428,0.12096134573221207,-0.007332914508879185,0.7455532550811768
108,0.41289465869589975,-0.2543817921768405,1.116570325379616,0.9900146449581961,0.11800330598672545,-0.07704032990993513,0.0033181488616966055,0.010829383886255428,0.12096134573221207,-0.007332914508879185,0.7455532550811768
109,0.41450899593381524,-0.24770227751125395,1.1165126090128303,0.9899258470328909,0.11818954709337778,-0.07789158469644461,0.0033089828576539602,0.010829383886255428,0.12096134573221207,-0.007332914508879185,0.7455532550811768
110,0.4148924620998508,-0.24629223899754304,1.1164985948155417,0.9898362895478294,0.11837569751442588,-0.07874277971755525,0.003299814314663352,0.010829383886255428,0.12096134573221207,-0.007332914508879185,0.7455532550811768
111,0.4163690263197202,-0.24086278367034153,1.1164446321348167,0.989745972571728,0.11856175710703848,-0.07959391432015399,0.003290643239759709,0.010829383886255428,0.12096134573221207,-0.007332914508879185,0.7455532550811768
112,0.4163690263197202,-0.24086278367034153,1.1164446321348167,0.9896548961738866,0.118747725728454,-0.08044498785117414,0.0032814696399799,0.010829383886255428,0.12096134573221207,-0.007332914508879185,0.7455532550811768
113,0.4170897068808721,-0.23801119759671444,1.1162916393641045,0.9895630604241863,0.11893360323598062,-0.08129599965759587,0.003272293522362731,0.010829383886255428,0.12096134573221207,-0.007332914508879185,0.7455532550811768
114,0.4179530219466692,-0.2345952358634818,1.1161083668144707,0.9894704653930924,0.11911938948699656,-0.08214694908644674,0.003263114893948944,0.010829383886255428,0.12096134573221207,-0.007332914508879185,0.7455532550811768
115,0.4194618719723503,-0.2280953689078296,1.1155545003434295,0.9893771111516517,0.1193050843389499,-0.08299783548480212,0.0032539337617812033,0.010829383886255428,0.12096134573221207,-0.007332914508879185,0.7455532550811768
116,0.4203833071025372,-0.22412598450743126,1.1152162612771448,0.9892829977714941,0.11949068764935895,-0.08384865819978579,0.0032447501329040955,0.010829383886255428,0.12096134573221207,-0.007332914508879185,0.7455532550811768
117,0.4203833071025372,-0.22412598450743126,1.1152162612771448,0.9891881253248316,0.11967619927581219,-0.08469941657857036,0.003235564014364122,0.010829383886255428,0.12096134573221207,-0.007332914508879185,0.7455532550811768
118,0.42165220385241536,-0.2196681437243211,1.1146810283206445,0.9890924938844592,0.11986161907596854,-0.08555010996837782,0.003226375413209698,0.010829383886255428,0.12096134573221207,-0.007332914508879185,0.7455532550811768
119,0.4234908625135364,-0.21383225928662752,1.1140464417307543,0.9889961035237536,0.12004694690755728,-0.08640073771648,0.003217184336491139,0.010829383886255428,0.12096134573221207,-0.007332914508879185,0.7455532550811768
120,0.4236329025109187,-0.21338384156297127,1.113998065214837,0.9888989543166742,0.12023218262837834,-0.08725129917019918,0.003207990791260663,0.010829383886255428,0.12096134573221207,-0.007332914508879185,0.7455532550811768
121,0.4252615868169986,-0.20819289662057283,1.1134338087795908,0.9888010463377628,0.12041732609630229,-0.0881017936769084,0.003198794784572381,0.010829383886255428,0.12096134573221207,-0.007332914508879185,0.7455532550811768
122,0.4255334876793427,-0.20717735030563908,1.1132717529305827,0.9887023796621428,0.12060237716927044,-0.08895222058403213,0.0031895963234822937,0.010829383886255428,0.12096134573221207,-0.007332914508879185,0.7455532550811768
123,0.42661149462769504,-0.20315100785701934,1.11262924915275,0.9886029543655204,0.12078733570529507,-0.08980257923904669,0.0031803954150482826,0.010829383886255428,0.12096134573221207,-0.007332914508879185,0.7455532550811768
124,0.42661149462769504,-0.20315100785701934,1.11262924915275,0.9885027705241833,0.12097220156245941,-0.09065286898948076,0.0031711920663301096,0.010829383886255428,0.12096134573221207,-0.007332914508879185,0.7455532550811768
125,0.42661149462769504,-0.20315100785701934,1.11262924915275,0.9884018282150018,0.12115697459891783,-0.09150308918291593,0.0031619862843894073,0.010829383886255428,0.12096134573221207,-0.007332914508879185,0.7455532550811768
126,0.42661149462769504,-0.20315100785701934,1.11262924915275,0.9883001275154277,0.12134165467289593,-0.0923532391669871,0.003152778076289677,0.010829383886255428,0.12096134573221207,-0.007332914508879185,0.7455532550811768
127,0.4272953550071312,-0.2003623118081328,1.111970373138596,0.988197668503495,0.12152624164269057,-0.09320331828938307,0.0031435674490962796,0.010829383886255428,0.12096134573221207,-0.007332914508879185,0.7455532550811768
128,0.4277214524480098,-0.19862474038924383,1.1115598428725806,0.9880944512578194,0.12171073536667015,-0.09405332589784705,0.0031343544098764334,0.010829383886255428,0.12096134573221207,-0.007332914508879185,0.7455532550811768
129,0.4277214524480098,-0.19862474038924383,1.1115598428725806,0.9879904758575981,0.12189513570327451,-0.09490326134017704,0.0031251389656992063,0.010829383886255428,0.12096134573221207,-0.007332914508879185,0.7455532550811768
130,0.4286695258438248,-0.19491474083840402,1.1104346657601514,0.9878857423826111,0.12207944251101527,-0.09575312396422651,0.0031159211236355144,0.010829383886255428,0.12096134573221207,-0.007332914508879185,0.7455532550811768
131,0.428817581014523,-0.19433537154145458,1.1102589533203955,0.9877802509132185,0.12226365564847566,-0.09660291311790473,0.0031067008907581105,0.010829383886255428,0.12096134573221207,-0.007332914508879185,0.7455532550811768
132,0.43127347545039746,-0.185484726159362,1.1073185972167083,0.9876740015303632,0.12244777497431092,-0.09745262814917732,0.0030974782741415813,0.010829383886255428,0.12096134573221207,-0.007332914508879185,0.7455532550811768
133,0.43127347545039746,-0.185484726159362,1.1073185972167083,0.9875669943155693,0.12263180034724822,-0.09830226840606686,0.003088253280862347,0.010829383886255428,0.12096134573221207,-0.007332914508879185,0.7455532550811768
134,0.43160318889085203,-0.18408644783063977,1.1065786252624081,0.9874592293509419,0.12281573162608675,-0.09915183323665328,0.003079025917998646,0.010829383886255428,0.12096134573221207,-0.007332914508879185,0.7455532550811768
135,0.43294984912561146,-0.1783754103314703,1.1035563317085888,0.9873507067191685,0.12299956866969805,-0.10000132198907433,0.0030697961926305388,0.010829383886255428,0.12096134573221207,-0.007332914508879185,0.7455532550811768
136,0.4329284291151711,-0.17784981340590267,1.1036037881445755,0.987241426503517,0.12318331133702581,-0.10085073401152614,0.003060564111839897,0.010829383886255428,0.12096134573221207,-0.007332914508879185,0.7455532550811768
137,0.4328907690968152,-0.17692572469363016,1.1036872246235325,0.9871313887878371,0.12336695948708626,-0.1017000686522638,0.0030513296827104,0.010829383886255428,0.12096134573221207,-0.007332914508879185,0.7455532550811768
138,0.43313449360538364,-0.17683777822584104,1.1024263584628766,0.9870205936565595,0.12355051297896802,-0.10254932525960173,0.0030420929123275275,0.010829383886255428,0.12096134573221207,-0.007332914508879185,0.7455532550811768
139,0.43335198767356803,-0.1767592968487557,1.1013011909024706,0.9869090411946961,0.12373397167183248,-0.10339850318191418,0.003032853807778558,0.010829383886255428,0.12096134573221207,-0.007332914508879185,0.7455532550811768
140,0.433030248174792,-0.17612391072318592,1.100294767054929,0.9867967314878403,0.12391733542491368,-0.10424760176763577,0.00302361237615256,0.010829383886255428,0.12096134573221207,-0.007332914508879185,0.7455532550811768
141,0.43288859494836845,-0.17584416734366887,1.0998516657705164,0.9866836646221657,0.12410060409751852,-0.10509662036526209,0.003014368624540386,0.010829383886255428,0.12096134573221207,-0.007332914508879185,0.7455532550811768
142,0.43311450178772803,-0.17534385302107544,1.0985305866209072,0.9865698406844275,0.12428377754902686,-0.10594555832334998,0.003005122560034672,0.010829383886255428,0.12096134573221207,-0.007332914508879185,0.7455532550811768
143,0.4331512194282851,-0.17526253471519937,1.0983158657673895,0.9864552597619618,0.12446685563889165,-0.10679441499051828,0.002995874189729825,0.010829383886255428,0.12096134573221207,-0.007332914508879185,0.7455532550811768
144,0.4331544251492496,-0.1752305596967911,1.0982708365753846,0.9863399219426852,0.12464983822663897,-0.10764318971544813,0.002986623520722024,0.010829383886255428,0.12096134573221207,-0.007332914508879185,0.7455532550811768
145,0.4332742025416511,-0.17403585673626526,1.096588382219563,0.9862238273150951,0.12483272517186819,-0.10849188184688353,0.00297737056010921,0.010829383886255428,0.12096134573221207,-0.007332914508879185,0.7455532550811768
146,0.4334718215112174,-0.1735775756663884,1.0957291972595893,0.9861069759682699,0.12501551633425206,-0.10934049073363192,0.0029681153149910826,0.010829383886255428,0.12096134573221207,-0.007332914508879185,0.7455532550811768
147,0.4343037729756876,-0.17164826894011675,1.0921121346503175,0.9859893679918681,0.12519821157353686,-0.1101890157245645,0.002958857792469095,0.010829383886255428,0.12096134573221207,-0.007332914508879185,0.7455532550811768
148,0.4343037729756876,-0.17164826894011675,1.0921121346503175,0.9858710034761294,0.12538081074954244,-0.11103745616861696,0.002949597999646449,0.010829383886255428,0.12096134573221207,-0.007332914508879185,0.7455532550811768
149,0.4343037729756876,-0.17164826894011675,1.0921121346503175,0.9857518825118736,0.1255633137221623,-0.11188581141478982,0.002940335943628084,0.010829383886255428,0.12096134573221207,-0.007332914508879185,0.7455532550811768
150,0.4343037729756876,-0.17164826894011675,1.0921121346503175,0.9856320051905008,0.1257457203513639,-0.11273408081214892,0.002931071631520681,0.010829383886255428,0.12096134573221207,-0.007332914508879185,0.7455532550811768
151,0.435011971936708,-0.1706553351370014,1.0891238660821245,0.9855113716039917,0.12592803049718845,-0.11358226370982608,0.0029218050704326493,0.010829383886255428,0.12096134573221207,-0.007332914508879185,0.7455532550811768
152,0.43547119450805255,-0.17001147989385818,1.0871861614944525,0.9853899818449072,0.1261102440197514,-0.11443035945701935,0.0029125362674741243,0.010829383886255428,0.12096134573221207,-0.007332914508879185,0.7455532550811768
153,0.43547119450805255,-0.17001147989385818,1.0871861614944525,0.9852678360063887,0.1262923607792421,-0.1152783674029938,0.0029032652297569616,0.010829383886255428,0.12096134573221207,-0.007332914508879185,0.7455532550811768
154,0.43615100105820254,-0.16938701709981197,1.0848360269182897,0.9851449341821568,0.12647438063592434,-0.11612628689708182,0.0028939919643947306,0.010829383886255428,0.12096134573221207,-0.007332914508879185,0.7455532550811768
155,0.43725549039092526,-0.16821000086756918,1.0816535434538963,0.9850212764665132,0.12665630345013615,-0.11697411728868354,0.0028847164785027126,0.010829383886255428,0.12096134573221207,-0.007332914508879185,0.7455532550811768
156,0.4373204653732308,-0.1681396500177016,1.0814706656692123,0.9848968629543392,0.12683812908229009,-0.11782185792726763,0.0028754387791978904,0.010829383886255428,0.12096134573221207,-0.007332914508879185,0.7455532550811768
157,0.4374569971359145,-0.16797043797391562,1.0811581822714926,0.9847716937410957,0.1270198573928732,-0.11866950816237155,0.002866158873598944,0.010829383886255428,0.12096134573221207,-0.007332914508879185,0.7455532550811768
158,0.43862992909715187,-0.1665167526886634,1.0784736658092648,0.9846457689228238,0.12720148824244729,-0.11951706734360211,0.002856876768826251,0.010829383886255428,0.12096134573221207,-0.007332914508879185,0.7455532550811768
159,0.43862992909715187,-0.1665167526886634,1.0784736658092648,0.9845190885961448,0.12738302149164887,-0.12036453482063604,0.0028475924720018715,0.010829383886255428,0.12096134573221207,-0.007332914508879185,0.7455532550811768
160,0.4397364685484188,-0.16520941535950986,1.076156151370101,0.9843916528582586,0.12756445700118946,-0.1212119099432204,0.00283830599024955,0.010829383886255428,0.12096134573221207,-0.007332914508879185,0.7455532550811768
161,0.44176388646919645,-0.16281409260206758,1.071909967196331,0.9842634618069452,0.12774579463185537,-0.12205919206117305,0.0028290173306947056,0.010829383886255428,0.12096134573221207,-0.007332914508879185,0.7455532550811768
162,0.44176388646919645,-0.16281409260206758,1.071909967196331,0.984134515540565,0.12792703424450821,-0.12290638052438341,0.0028197265004644314,0.010829383886255428,0.12096134573221207,-0.007332914508879185,0.7455532550811768
163,0.44176388646919645,-0.16281409260206758,1.071909967196331,0.9840048141580565,0.1281081757000847,-0.12375347468281252,0.002810433506687484,0.010829383886255428,0.12096134573221207,-0.007332914508879185,0.7455532550811768
164,0.4446833526196894,-0.1608813739467598,1.0671609893031855,0.9838743577589384,0.12828921885959688,-0.12460047388649385,0.0028011383564942793,0.010829383886255428,0.12096134573221207,-0.007332914508879185,0.7455532550811768
165,0.4460269131664561,-0.15999192210884994,1.064975473525371,0.9837431464433085,0.12847016358413227,-0.1254473774855339,0.0027918410570168905,0.010829383886255428,0.12096134573221207,-0.007332914508879185,0.7455532550811768
166,0.4460269131664561,-0.15999192210884994,1.064975473525371,0.9836111803118439,0.12865100973485383,-0.12629418483011226,0.0027825416153890374,0.010829383886255428,0.12096134573221207,-0.007332914508879185,0.7455532550811768
167,0.4484811818184889,-0.15875681860956953,1.0615953926221637,0.9834784594658008,0.12883175717300022,-0.12714089527048256,0.0027732400387460833,0.010829383886255428,0.12096134573221207,-0.007332914508879185,0.7455532550811768
168,0.45139525386251284,-0.1572385466424801,1.057612927925411,0.9833449840070148,0.1290124057598858,-0.12798750815697277,0.0027639363342250333,0.010829383886255428,0.12096134573221207,-0.007332914508879185,0.7455532550811768
169,0.4516725717224058,-0.15708225617611965,1.0572305025412938,0.9832107540378996,0.12919295535690078,-0.1288340228399856,0.0027546305089645204,0.010829383886255428,0.12096134573221207,-0.007332914508879185,0.7455532550811768
170,0.4541816380738181,-0.15566819957571593,1.0537704633516638,0.9830757696614489,0.12937340582551143,-0.12968043866999926,0.0027453225701048077,0.010829383886255428,0.12096134573221207,-0.007332914508879185,0.7455532550811768
171,0.4541816380738181,-0.15566819957571593,1.0537704633516638,0.982940030981235,0.1295537570272599,-0.1305267549975676,0.0027360125247877804,0.010829383886255428,0.12096134573221207,-0.007332914508879185,0.7455532550811768
172,0.45521021317431315,-0.1549984014418899,1.0523755739683205,0.9828035381014081,0.12973400882376462,-0.13137297117332106,0.002726700380156938,0.010829383886255428,0.12096134573221207,-0.007332914508879185,0.7455532550811768
173,0.45713441799900906,-0.15374537791442938,1.0497660874271293,0.9826662911266985,0.12991416107672032,-0.1322190865479668,0.002717386143357392,0.010829383886255428,0.12096134573221207,-0.007332914508879185,0.7455532550811768
174,0.46036695671479033,-0.15089290375551698,1.0454845336134502,0.9825282901624137,0.13009421364789797,-0.1330651004722893,0.002708069821535859,0.010829383886255428,0.12096134573221207,-0.007332914508879185,0.7455532550811768
175,0.46342073630673747,-0.14819817118185374,1.0414397493718244,0.982389535314441,0.13027416639914519,-0.13391101229715094,0.0026987514218406545,0.010829383886255428,0.12096134573221207,-0.007332914508879185,0.7455532550811768
176,0.4656124591003216,-0.14619598622831437,1.038598680888445,0.9822500266892451,0.13045401919238608,-0.1347568213734924,0.00268943095142169,0.010829383886255428,0.12096134573221207,-0.007332914508879185,0.7455532550811768
177,0.4666434083725763,-0.1452541923450673,1.0372622904042381,0.9821097643938697,0.1306337718896215,-0.13560252705233322,0.0026801084174304653,0.010829383886255428,0.12096134573221207,-0.007332914508879185,0.7455532550811768
178,0.46927766046033276,-0.14304768823107722,1.0335812470023078,0.9819687485359366,0.13081342435292906,-0.13644812868477232,0.002670783827020063,0.010829383886255428,0.12096134573221207,-0.007332914508879185,0.7455532550811768
179,0.4697572861339013,-0.14264594383204154,1.0329110290951866,0.9818269792236458,0.13099297644446328,-0.13729362562198835,0.0026614571873451445,0.010829383886255428,0.12096134573221207,-0.007332914508879185,0.7455532550811768
180,0.4727842451699336,-0.14038834951593387,1.0285103431383034,0.9816844565657755,0.1311724280264558,-0.13813901721524036,0.002652128505561942,0.010829383886255428,0.12096134573221207,-0.007332914508879185,0.7455532550811768
181,0.4727842451699336,-0.14038834951593387,1.0285103431383034,0.9815411806716816,0.1313517789612152,-0.13898430281586815,0.002642797788828255,0.010829383886255428,0.12096134573221207,-0.007332914508879185,0.7455532550811768
182,0.4727842451699336,-0.14038834951593387,1.0285103431383034,0.9813971516512983,0.1315310291111274,-0.13982948177529306,0.002633465044303446,0.010829383886255428,0.12096134573221207,-0.007332914508879185,0.7455532550811768
183,0.4727842451699336,-0.14038834951593387,1.0285103431383034,0.9812523696151374,0.13171017833865567,-0.14067455344501797,0.0026241302791484324,0.010829383886255428,0.12096134573221207,-0.007332914508879185,0.7455532550811768
184,0.4738616930345426,-0.13960834462436766,1.0269360595873374,0.9811068346742892,0.1318892265063407,-0.1415195171766283,0.0026147935005256823,0.010829383886255428,0.12096134573221207,-0.007332914508879185,0.7455532550811768
185,0.47591998967611765,-0.13811826654128062,1.0239286356067663,0.9809605469404203,0.1320681734768006,-0.14236437232179222,0.002605454715599206,0.010829383886255428,0.12096134573221207,-0.007332914508879185,0.7455532550811768
186,0.47591998967611765,-0.13811826654128062,1.0239286356067663,0.9808135065257765,0.13224701911273135,-0.14320911823226112,0.002596113931534558,0.010829383886255428,0.12096134573221207,-0.007332914508879185,0.7455532550811768
187,0.47787492444137325,-0.13656473752777926,1.021076389182582,0.9806657135431802,0.13242576327690653,-0.14405375425987038,0.0025867711554988246,0.010829383886255428,0.12096134573221207,-0.007332914508879185,0.7455532550811768
188,0.479219919332834,-0.1354959097469084,1.0191140439739872,0.980517168106031,0.13260440583217753,-0.14489827975653957,0.0025774263946606174,0.010829383886255428,0.12096134573221207,-0.007332914508879185,0.7455532550811768
189,0.48174747196078366,-0.13331573494401242,1.0154709309627874,0.9803678703283069,0.1327829466414739,-0.1457426940742731,0.0025680796561900767,0.010829383886255428,0.12096134573221207,-0.007332914508879185,0.7455532550811768
190,0.4825531292546967,-0.13262080431723322,1.014309688843606,0.980217820324562,0.13296138556780304,-0.1465869965651607,0.0025587309472588555,0.010829383886255428,0.12096134573221207,-0.007332914508879185,0.7455532550811768
191,0.4825531292546967,-0.13262080431723322,1.014309688843606,0.980067018209928,0.1331397224742507,-0.14743118658137785,0.002549380275040121,0.010829383886255428,0.12096134573221207,-0.007332914508879185,0.7455532550811768
192,0.4891131906225246,-0.12699334736844958,1.0044868431400726,0.9799154641001144,0.13331795722398082,-0.14827526347518646,0.002540027646708546,0.010829383886255428,0.12096134573221207,-0.007332914508879185,0.7455532550811768
193,0.48971416748015756,-0.12639716244715704,1.003572278027984,0.9797631581114068,0.13349608968023574,-0.14911922659893506,0.0025306730694403057,0.010829383886255428,0.12096134573221207,-0.007332914508879185,0.7455532550811768
194,0.4957871961109421,-0.12037255758880681,0.9943303579109504,0.9796101003606679,0.13367411970633625,-0.14996307530505962,0.002521316550413068,0.010829383886255428,0.12096134573221207,-0.007332914508879185,0.7455532550811768
195,0.49665868269542013,-0.11931577864932023,0.9930433795213621,0.9794562909653373,0.13385204716568183,-0.15080680894608384,0.002511958096805992,0.010829383886255428,0.12096134573221207,-0.007332914508879185,0.7455532550811768
196,0.49919244890606246,-0.11624329214559138,0.9893016095211751,0.9793017300434315,0.13402987192175053,-0.15165042687461966,0.002502597715799723,0.010829383886255428,0.12096134573221207,-0.007332914508879185,0.7455532550811768
197,0.5005758657764083,-0.11444148712703833,0.9872671311611362,0.9791464177135432,0.13420759383809935,-0.15249392844336798,0.0024932354145763814,0.010829383886255428,0.12096134573221207,-0.007332914508879185,0.7455532550811768
198,0.5024722346414883,-0.11197159752877549,0.9844782961386951,0.9789903540948419,0.13438521277836407,-0.15333731300511874,0.002483871200319564,0.010829383886255428,0.12096134573221207,-0.007332914508879185,0.7455532550811768
199,0.5041704126164567,-0.10974170592261875,0.9819799472483308,0.9788335393070742,0.13456272860625956,-0.15418057991275189,0.0024745050802143357,0.010829383886255428,0.12096134573221207,-0.007332914508879185,0.7455532550811768
200,0.5053618759067042,-0.10817718557838542,0.9802270738552135,0.9786759734705619,0.13474014118557975,-0.15502372851923737,0.0024651370614472215,0.010829383886255428,0.12096134573221207,-0.007332914508879185,0.7455532550811768
201,0.5053618759067042,-0.10817718557838542,0.9802270738552135,0.9785176567062039,0.13491745038019784,-0.1558667581776363,0.0024557671512062044,0.010829383886255428,0.12096134573221207,-0.007332914508879185,0.7455532550811768
202,0.5074177071508068,-0.1056928220983181,0.9770773028023748,0.9783585891354747,0.13509465605406634,-0.15670966824110066,0.002446395356680718,0.010829383886255428,0.12096134573221207,-0.007332914508879185,0.7455532550811768
203,0.5078195551363169,-0.10520721003137244,0.9764616252480851,0.9781987708804253,0.1352717580712172,-0.15755245806287443,0.002437021685061643,0.010829383886255428,0.12096134573221207,-0.007332914508879185,0.7455532550811768
204,0.5099913922693534,-0.10287187360664843,0.9730715227547923,0.9780382020636826,0.1354487562957619,-0.15839512699629382,0.0024276461435413,0.010829383886255428,0.12096134573221207,-0.007332914508879185,0.7455532550811768
205,0.5119639456137912,-0.10067131667534678,0.9699745172456613,0.9778768828084496,0.13562565059189147,-0.1592376743947877,0.002418268739313443,0.010829383886255428,0.12096134573221207,-0.007332914508879185,0.7455532550811768
206,0.5119639456137912,-0.10067131667534678,0.9699745172456613,0.9777148132385045,0.13580244082387688,-0.16008009961187827,0.002408889479573257,0.010829383886255428,0.12096134573221207,-0.007332914508879185,0.7455532550811768
207,0.5119639456137912,-0.10067131667534678,0.9699745172456613,0.9775519934782018,0.13597912685606875,-0.1609224020011815,0.002399508371517349,0.010829383886255428,0.12096134573221207,-0.007332914508879185,0.7455532550811768
208,0.5119639456137912,-0.10067131667534678,0.9699745172456613,0.9773884236524715,0.13615570855289783,-0.16176458091640755,0.002390125422343747,0.010829383886255428,0.12096134573221207,-0.007332914508879185,0.7455532550811768
209,0.5135344841271304,-0.09868126058389594,0.9674228406462456,0.9772241038868186,0.13633218577887468,-0.16260663571136133,0.0023807406392518885,0.010829383886255428,0.12096134573221207,-0.007332914508879185,0.7455532550811768
210,0.5157296682635211,-0.09589970538777885,0.9638562932838843,0.9770590343073244,0.1365085583985903,-0.16344856573994304,0.0023713540294426198,0.010829383886255428,0.12096134573221207,-0.007332914508879185,0.7455532550811768
211,0.5157296682635211,-0.09589970538777885,0.9638562932838843,0.9768932150406449,0.13668482627671574,-0.16429037035614846,0.002361965600118188,0.010829383886255428,0.12096134573221207,-0.007332914508879185,0.7455532550811768
212,0.5178874126190314,-0.09377372190631804,0.9599291092502116,0.9767266462140114,0.13686098927800258,-0.16513204891406985,0.0023525753584822374,0.010829383886255428,0.12096134573221207,-0.007332914508879185,0.7455532550811768
213,0.5189701240369551,-0.09270694743703654,0.9579585296573667,0.9765593279552304,0.13703704726728272,-0.16597360076789594,0.002343183311739802,0.010829383886255428,0.12096134573221207,-0.007332914508879185,0.7455532550811768
214,0.5201957882605062,-0.09202332459615908,0.955237235628965,0.9763912603926836,0.13721300010946874,-0.16681502527191286,0.0023337894670973016,0.010829383886255428,0.12096134573221207,-0.007332914508879185,0.7455532550811768
215,0.5204437146121006,-0.09188504192987197,0.9546867745099135,0.9762224436553275,0.13738884766955384,-0.16765632178050438,0.002324393831762534,0.010829383886255428,0.12096134573221207,-0.007332914508879185,0.7455532550811768
216,0.5204437146121006,-0.09188504192987197,0.9546867745099135,0.9760528778726933,0.13756458981261208,-0.1684974896481524,0.002314996412944673,0.010829383886255428,0.12096134573221207,-0.007332914508879185,0.7455532550811768
217,0.5217435451806327,-0.09112323866877013,0.9514145523213176,0.9758825631748871,0.13774022640379827,-0.16933852822943768,0.0023055972178542597,0.010829383886255428,0.12096134573221207,-0.007332914508879185,0.7455532550811768
218,0.5217435451806327,-0.09112323866877013,0.9514145523213176,0.9757114996925895,0.13791575730834832,-0.17017943687904005,0.0022961962537031977,0.010829383886255428,0.12096134573221207,-0.007332914508879185,0.7455532550811768
219,0.5223240442949647,-0.09076105518451427,0.9499620621864834,0.9755396875570559,0.1380911823915792,-0.1710202149517391,0.0022867935277047493,0.010829383886255428,0.12096134573221207,-0.007332914508879185,0.7455532550811768
220,0.5243994239208277,-0.08949166430043526,0.944633307570622,0.9753671269001158,0.13826650151888914,-0.17186086180241472,0.002277389047073527,0.010829383886255428,0.12096134573221207,-0.007332914508879185,0.7455532550811768
221,0.5250110146605074,-0.08916194760611294,0.9428264067816736,0.9751938178541733,0.13844171455575752,-0.1727013767860473,0.00226798281902549,0.010829383886255428,0.12096134573221207,-0.007332914508879185,0.7455532550811768
222,0.5254104971165127,-0.08904127946293387,0.9414632406331489,0.9750197605522066,0.13861682136774522,-0.17354175925771834,0.0022585748507779418,0.010829383886255428,0.12096134573221207,-0.007332914508879185,0.7455532550811768
223,0.5258176250891011,-0.0889183019059724,0.9400739854555884,0.9748449551277678,0.13879182182049468,-0.17438200857261132,0.0022491651495495143,0.010829383886255428,0.12096134573221207,-0.007332914508879185,0.7455532550811768
224,0.5263513865709212,-0.08884586748955539,0.9383389939565671,0.974669401714984,0.13896671577972985,-0.17522212408601173,0.002239753722560176,0.010829383886255428,0.12096134573221207,-0.007332914508879185,0.7455532550811768
225,0.526624963163665,-0.08880874161682815,0.9374497333431497,0.9744931004485544,0.13914150311125634,-0.17606210515330756,0.0022303405770312144,0.010829383886255428,0.12096134573221207,-0.007332914508879185,0.7455532550811768
226,0.526624963163665,-0.08880874161682815,0.9374497333431497,0.974316051463754,0.13931618368096177,-0.17690195112999027,0.002220925720185238,0.010829383886255428,0.12096134573221207,-0.007332914508879185,0.7455532550811768
227,0.526624963163665,-0.08880874161682815,0.9374497333431497,0.9741382548964304,0.1394907573548155,-0.17774166137165476,0.002211509159246169,0.010829383886255428,0.12096134573221207,-0.007332914508879185,0.7455532550811768
228,0.526624963163665,-0.08880874161682815,0.9374497333431497,0.9739597108830047,0.139665223998869,-0.17858123523400013,0.0022020909014392348,0.010829383886255428,0.12096134573221207,-0.007332914508879185,0.7455532550811768
229,0.5272885739701652,-0.08860788909644766,0.9352394686008403,0.9737804195604725,0.13983958347925585,-0.1794206720728302,0.0021926709539909677,0.010829383886255428,0.12096134573221207,-0.007332914508879185,0.7455532550811768
230,0.5273988834901172,-0.08855043847572433,0.9348648969509565,0.9736003810664017,0.14001383566219178,-0.1802599712440537,0.002183249324129195,0.010829383886255428,0.12096134573221207,-0.007332914508879185,0.7455532550811768
231,0.5279833592353098,-0.0882460359692711,0.9328802265046607,0.973419595538934,0.140187980413975,-0.18109913210368528,0.0021738260190830327,0.010829383886255428,0.12096134573221207,-0.007332914508879185,0.7455532550811768
232,0.5279833592353098,-0.0882460359692711,0.9328802265046607,0.9732380631167842,0.140362017600986,-0.18193815400784555,0.0021644010460828865,0.010829383886255428,0.12096134573221207,-0.007332914508879185,0.7455532550811768
233,0.5282958197740315,-0.08812526957372273,0.9320239398906898,0.9730557839392404,0.1405359470896879,-0.18277703631276176,0.0021549744123604384,0.010829383886255428,0.12096134573221207,-0.007332914508879185,0.7455532550811768
234,0.5287499774223743,-0.08794973706512026,0.9307793375594657,0.9728727581461636,0.14070976874662638,-0.18361577837476833,0.002145546125148646,0.010829383886255428,0.12096134573221207,-0.007332914508879185,0.7455532550811768
235,0.5290200494584184,-0.08783075253916257,0.9298806754730766,0.9726889858779875,0.14088348243842996,-0.18445437955030716,0.002136116191681737,0.010829383886255428,0.12096134573221207,-0.007332914508879185,0.7455532550811768
236,0.5292209294501986,-0.08774225166751941,0.9292122492443888,0.9725044672757182,0.14105708803180986,-0.18529283919592843,0.002126684619195198,0.010829383886255428,0.12096134573221207,-0.007332914508879185,0.7455532550811768
237,0.5292209294501986,-0.08774225166751941,0.9292122492443888,0.9723192024809355,0.1412305853935604,-0.18613115666829078,0.0021172514149257787,0.010829383886255428,0.12096134573221207,-0.007332914508879185,0.7455532550811768
238,0.5298025725849548,-0.08805851326668462,0.9274138051412052,0.9721331916357909,0.14140397439055885,-0.1869693313241619,0.002107816586111478,0.010829383886255428,0.12096134573221207,-0.007332914508879185,0.7455532550811768
239,0.5299282878891662,-0.0881268694816447,0.9270250926575037,0.9719464348830086,0.14157725488976558,-0.18780736252041919,0.00209838013999154,0.010829383886255428,0.12096134573221207,-0.007332914508879185,0.7455532550811768
240,0.5306058560954833,-0.08807181484797416,0.9253288606832294,0.971758932365885,0.14175042675822433,-0.18864524961405013,0.002088942083806451,0.010829383886255428,0.12096134573221207,-0.007332914508879185,0.7455532550811768
241,0.5311783659513756,-0.08726981726604986,0.9244586255942229,0.9715706842282889,0.14192348986306216,-0.18948299196215265,0.002079502424797934,0.010829383886255428,0.12096134573221207,-0.007332914508879185,0.7455532550811768
242,0.5311783659513756,-0.08726981726604986,0.9244586255942229,0.9713816906146611,0.14209644407148952,-0.19032058892193582,0.0020700611702089405,0.010829383886255428,0.12096134573221207,-0.007332914508879185,0.7455532550811768
243,0.5313533321768694,-0.08695224370324016,0.9242629816549103,0.9711919516700145,0.14226928925080046,-0.19115803985072022,0.0020606183272836457,0.010829383886255428,0.12096134573221207,-0.007332914508879185,0.7455532550811768
244,0.5319167233491242,-0.08592965696500875,0.9236330082528854,0.9710014675399339,0.14244202526837269,-0.19199534410593858,0.002051173903267445,0.010829383886255428,0.12096134573221207,-0.007332914508879185,0.7455532550811768
245,0.5319167233491242,-0.08592965696500875,0.9236330082528854,0.9708102383705755,0.14261465199166765,-0.192832501045136,0.002041727905406947,0.010829383886255428,0.12096134573221207,-0.007332914508879185,0.7455532550811768
246,0.5319167233491242,-0.08592965696500875,0.9236330082528854,0.9706182643086677,0.14278716928823065,-0.19366951002597074,0.0020322803409499653,0.010829383886255428,0.12096134573221207,-0.007332914508879185,0.7455532550811768
247,0.5324200502514107,-0.0848716849882852,0.9230402170500434,0.9704255455015098,0.142959577025691,-0.1945063704062146,0.0020228312171455183,0.010829383886255428,0.12096134573221207,-0.007332914508879185,0.7455532550811768
248,0.5328017398189779,-0.08406938957260317,0.9225906837212214,0.9702320820969734,0.14313187507176203,-0.19534308154375324,0.00201338054124382,0.010829383886255428,0.12096134573221207,-0.007332914508879185,0.7455532550811768
249,0.5328017398189779,-0.08406938957260317,0.9225906837212214,0.9700378742435009,0.14330406329424128,-0.19617964279658712,0.0020039283204962757,0.010829383886255428,0.12096134573221207,-0.007332914508879185,0.7455532550811768
250,0.5336563475861568,-0.0823051527397104,0.9216074268525796,0.9698429220901055,0.1434761415610105,-0.19701605352283144,0.0019944745621554745,0.010829383886255428,0.12096134573221207,-0.007332914508879185,0.7455532550811768
251,0.5338470861312952,-0.08191139553352854,0.9213879753195784,0.9696472257863726,0.14364810974003583,-0.19785231308071696,0.001985019273475188,0.010829383886255428,0.12096134573221207,-0.007332914508879185,0.7455532550811768
252,0.5356250535489694,-0.07825682636524076,0.9197128127361426,0.9694507854824574,0.1438199676993679,-0.19868842082859056,0.0019755624617103585,0.010829383886255428,0.12096134573221207,-0.007332914508879185,0.7455532550811768
253,0.5356550433608338,-0.07819518302987204,0.9196845569817231,0.9692536013290867,0.14399171530714183,-0.1995243761249154,0.001966104134117099,0.010829383886255428,0.12096134573221207,-0.007332914508879185,0.7455532550811768
254,0.5358414962650824,-0.07795195034410014,0.9195090128986462,0.9690556734775579,0.14416335243157757,-0.20036017832827177,0.0019566442979526873,0.010829383886255428,0.12096134573221207,-0.007332914508879185,0.7455532550811768
255,0.5369039811506124,-0.07656591104725484,0.9185086909365658,0.9688570020797387,0.1443348789409797,-0.20119582679735737,0.0019471829604755548,0.010829383886255428,0.12096134573221207,-0.007332914508879185,0.7455532550811768
256,0.5370705290082848,-0.07633793316637012,0.9183451476275333,0.9686575872880681,0.14450629470373777,-0.20203132089098785,0.0019377201289452878,0.010829383886255428,0.12096134573221207,-0.007332914508879185,0.7455532550811768
257,0.5374324261180234,-0.07584255281546308,0.9179897791966021,0.9684574292555543,0.14467759958832618,-0.20286665996809736,0.0019282558106226179,0.010829383886255428,0.12096134573221207,-0.007332914508879185,0.7455532550811768
258,0.5376816807309419,-0.07541270966475641,0.9177702278242673,0.9682565281357771,0.14484879346330454,-0.2037018433877389,0.001918790012769418,0.010829383886255428,0.12096134573221207,-0.007332914508879185,0.7455532550811768
259,0.5379505809717378,-0.07494898734733928,0.9175333719595087,0.9680548840828855,0.14501987619731752,-0.20453687050908498,0.0019093227426486951,0.010829383886255428,0.12096134573221207,-0.007332914508879185,0.7455532550811768
260,0.5382693665776268,-0.07435948834695255,0.9172357307555363,0.9678524972515989,0.1451908476590952,-0.20537174069142813,0.001899854007524587,0.010829383886255428,0.12096134573221207,-0.007332914508879185,0.7455532550811768
261,0.5384433557642023,-0.07403774718402158,0.9170732819184062,0.9676493677972067,0.1453617077174529,-0.20620645329418094,0.0018903838146623556,0.010829383886255428,0.12096134573221207,-0.007332914508879185,0.7455532550811768
262,0.5388598955419284,-0.07349932524301218,0.916694026805004,0.967445495875568,0.14553245624129155,-0.2070410076768774,0.0018809121713283803,0.010829383886255428,0.12096134573221207,-0.007332914508879185,0.7455532550811768
263,0.5389558332631872,-0.07337531554007769,0.9166066765126641,0.9672408816431115,0.14570309309959753,-0.20787540319917253,0.0018714390847901538,0.010829383886255428,0.12096134573221207,-0.007332914508879185,0.7455532550811768
264,0.5389558332631872,-0.07337531554007769,0.9166066765126641,0.9670355252568354,0.14587361816144298,-0.20870963922084335,0.0018619645623162773,0.010829383886255428,0.12096134573221207,-0.007332914508879185,0.7455532550811768
265,0.5395565230264436,-0.07312507782899323,0.9160095569826807,0.966829426874308,0.1460440312959858,-0.20954371510178932,0.001852488611176452,0.010829383886255428,0.12096134573221207,-0.007332914508879185,0.7455532550811768
266,0.5398005209582732,-0.07315399731290276,0.9156959403234073,0.966622586653666,0.14621433237246984,-0.21037763020203284,0.0018430112386414765,0.010829383886255428,0.12096134573221207,-0.007332914508879185,0.7455532550811768
267,0.5412445085499746,-0.07332514374685255,0.9138399468682747,0.966415004753616,0.14638452126022475,-0.2112113838817193,0.001833532451983241,0.010829383886255428,0.12096134573221207,-0.007332914508879185,0.7455532550811768
268,0.5416195623301006,-0.07336762113328896,0.9132077522088582,0.9662066813334331,0.14655459782866642,-0.2120449755011185,0.0018240522584747165,0.010829383886255428,0.12096134573221207,-0.007332914508879185,0.7455532550811768
269,0.5424526969422334,-0.07346197928336871,0.9118034116041893,0.965997616552962,0.14672456194729694,-0.21287840442062414,0.0018145706653899586,0.010829383886255428,0.12096134573221207,-0.007332914508879185,0.7455532550811768
270,0.5430968781031343,-0.0735159432330314,0.9104829564922169,0.9657878105726159,0.14689441348570453,-0.21371167000075492,0.0018050876800040948,0.010829383886255428,0.12096134573221207,-0.007332914508879185,0.7455532550811768
271,0.5438051568919855,-0.07357527672992421,0.9090311128118891,0.9655772635533765,0.1470641523135639,-0.21454477160215496,0.0017956033095933193,0.010829383886255428,0.12096134573221207,-0.007332914508879185,0.7455532550811768
272,0.5446831827067798,-0.07378334823539229,0.9070793862281873,0.9653659756567945,0.14723377830063625,-0.215377708585594,0.001786117561434892,0.010829383886255428,0.12096134573221207,-0.007332914508879185,0.7455532550811768
273,0.5451724148028461,-0.07389928475688927,0.9059918928180803,0.965153947044989,0.14740329131676935,-0.21621048031196832,0.0017766304428071266,0.010829383886255428,0.12096134573221207,-0.007332914508879185,0.7455532550811768
274,0.5451724148028461,-0.07389928475688927,0.9059918928180803,0.9649411778806471,0.14757269123189756,-0.21704308614230075,0.001767141960989391,0.010829383886255428,0.12096134573221207,-0.007332914508879185,0.7455532550811768
275,0.5451724148028461,-0.07389928475688927,0.9059918928180803,0.9647276683270245,0.14774197791604216,-0.21787552543774166,0.0017576521232620975,0.010829383886255428,0.12096134573221207,-0.007332914508879185,0.7455532550811768
276,0.5451724148028461,-0.07389928475688927,0.9059918928180803,0.9645134185479449,0.14791115123931126,-0.21870779755956904,0.0017481609369067006,0.010829383886255428,0.12096134573221207,-0.007332914508879185,0.7455532550811768
277,0.5464875708229073,-0.07467209903462409,0.902890487811034,0.9642984287077996,0.14808021107189984,-0.21953990186918912,0.0017386684092056868,0.010829383886255428,0.12096134573221207,-0.007332914508879185,0.7455532550811768
278,0.5464875708229073,-0.07467209903462409,0.902890487811034,0.9640826989715485,0.14824915728409016,-0.220371837728137,0.0017291745474425748,0.010829383886255428,0.12096134573221207,-0.007332914508879185,0.7455532550811768
279,0.5467510628723439,-0.07490047863597817,0.9021199538449163,0.9638662295047185,0.14841798974625148,-0.22120360449807702,0.0017196793589019047,0.010829383886255428,0.12096134573221207,-0.007332914508879185,0.7455532550811768
280,0.5476704815257025,-0.07569737731273367,0.8994312833403981,0.9636490204734043,0.14858670832884047,-0.22203520154080322,0.0017101828508692355,0.010829383886255428,0.12096134573221207,-0.007332914508879185,0.7455532550811768
281,0.5484771237701306,-0.07638834915343241,0.8966390541421324,0.9634310720442684,0.14875531290240113,-0.22286662821823988,0.0017006850306311393,0.010829383886255428,0.12096134573221207,-0.007332914508879185,0.7455532550811768
282,0.5497461094134919,-0.07747536554994579,0.8922464020215064,0.9632123843845402,0.14892380333756491,-0.223697883892442,0.0016911859054751937,0.010829383886255428,0.12096134573221207,-0.007332914508879185,0.7455532550811768
283,0.5497461094134919,-0.07747536554994579,0.8922464020215064,0.9629929576620162,0.14909217950505085,-0.22452896792559576,0.0016816854826899777,0.010829383886255428,0.12096134573221207,-0.007332914508879185,0.7455532550811768
284,0.5508543955519527,-0.07827439363855555,0.8879672042241368,0.9627727920450607,0.14926044127566568,-0.22535987968001905,0.0016721837695650677,0.010829383886255428,0.12096134573221207,-0.007332914508879185,0.7455532550811768
285,0.55148475886948,-0.07872885930338198,0.8855333117244513,0.9625518877026042,0.14942858852030394,-0.22619061851816205,0.0016626807733910274,0.010829383886255428,0.12096134573221207,-0.007332914508879185,0.7455532550811768
286,0.5520825647349059,-0.0796131075397224,0.8833024912384482,0.9623302448041443,0.14959662110994792,-0.2270211838026075,0.0016531765014594075,0.010829383886255428,0.12096134573221207,-0.007332914508879185,0.7455532550811768
287,0.5522289301083658,-0.07982960478544794,0.8827563024296057,0.9621078635197455,0.14976453891566807,-0.22785157489607127,0.001643670961062736,0.010829383886255428,0.12096134573221207,-0.007332914508879185,0.7455532550811768
288,0.5529230692729378,-0.08105056962773988,0.8799963462351471,0.9618847440200382,0.14993234180862278,-0.22868179116140308,0.0016341641594945148,0.010829383886255428,0.12096134573221207,-0.007332914508879185,0.7455532550811768
289,0.5529451323043479,-0.08108937767523393,0.8799086217508982,0.9616608864762203,0.15010002966005861,-0.2295118319615866,0.0016246561040492134,0.010829383886255428,0.12096134573221207,-0.007332914508879185,0.7455532550811768
290,0.5529451323043479,-0.08108937767523393,0.8799086217508982,0.9614362910600547,0.15026760234131045,-0.2303416966597401,0.001615146802022263,0.010829383886255428,0.12096134573221207,-0.007332914508879185,0.7455532550811768
291,0.5530967628321865,-0.08129074915765154,0.8792812260521699,0.9612109579438715,0.15043505972380153,-0.23117138461911715,0.0016056362607100537,0.010829383886255428,0.12096134573221207,-0.007332914508879185,0.7455532550811768
292,0.5536406548733595,-0.0820130598174335,0.8770307852466883,0.9609848873005662,0.15060240167904354,-0.23200089520310688,0.0015961244874099216,0.010829383886255428,0.12096134573221207,-0.007332914508879185,0.7455532550811768
293,0.5536406548733595,-0.0820130598174335,0.8770307852466883,0.9607580793036006,0.15076962807863678,-0.23283022777523457,0.001586611489420152,0.010829383886255428,0.12096134573221207,-0.007332914508879185,0.7455532550811768
294,0.5540138245411683,-0.08219946616147077,0.8757533645398535,0.9605305341270021,0.15093673879427016,-0.23365938169916184,0.001577097274039969,0.010829383886255428,0.12096134573221207,-0.007332914508879185,0.7455532550811768
295,0.5544400334613255,-0.08241236676260776,0.8742943818115856,0.9603022519453638,0.15110373369772137,-0.23448835633868764,0.0015675818485695308,0.010829383886255428,0.12096134573221207,-0.007332914508879185,0.7455532550811768
296,0.5553867229199894,-0.08240320349327132,0.8711284089282194,0.960073232933844,0.15127061266085695,-0.2353171510577483,0.001558065220309924,0.010829383886255428,0.12096134573221207,-0.007332914508879185,0.7455532550811768
297,0.5559362991106289,-0.08239788399318644,0.8692904848856675,0.959843477268167,0.15143737555563247,-0.2361457652204184,0.0015485473965631581,0.010829383886255428,0.12096134573221207,-0.007332914508879185,0.7455532550811768
298,0.5559362991106289,-0.08239788399318644,0.8692904848856675,0.9596129851246215,0.15160402225409245,-0.23697419819091098,0.0015390283846321586,0.010829383886255428,0.12096134573221207,-0.007332914508879185,0.7455532550811768
299,0.5570031297868111,-0.08242204379108407,0.8653333700950464,0.9593817566800618,0.15177055262837064,-0.23780244933357797,0.0015295081918207645,0.010829383886255428,0.12096134573221207,-0.007332914508879185,0.7455532550811768
300,0.5571465210067281,-0.08242529107574774,0.8648014998274898,0.9591497921119073,0.15193696655069003,-0.23863051801291094,0.001519986825433721,0.010829383886255428,0.12096134573221207,-0.007332914508879185,0.7455532550811768
301,0.5576950171395851,-0.08212478167828495,0.8632530215359373,0.9589170915981418,0.15210326389336293,-0.2394584035935415,0.0015104642927766723,0.010829383886255428,0.12096134573221207,-0.007332914508879185,0.7455532550811768
302,0.5577672832572673,-0.08205399641561686,0.8630878262958013,0.9586836553173139,0.15226944452879115,-0.2402861054402417,0.0015009406011561581,0.010829383886255428,0.12096134573221207,-0.007332914508879185,0.7455532550811768
303,0.5582494949816317,-0.0815816660253104,0.8619855243573868,0.9584494834485371,0.15243550832946604,-0.24111362291792449,0.001491415757879608,0.010829383886255428,0.12096134573221207,-0.007332914508879185,0.7455532550811768
304,0.5582494949816317,-0.0815816660253104,0.8619855243573868,0.9582145761714888,0.15260145516796855,-0.2419409553916444,0.0014818897702553345,0.010829383886255428,0.12096134573221207,-0.007332914508879185,0.7455532550811768
305,0.5582494949816317,-0.0815816660253104,0.8619855243573868,0.9579789336664108,0.15276728491696942,-0.2427681022265979,0.001472362645592528,0.010829383886255428,0.12096134573221207,-0.007332914508879185,0.7455532550811768
306,0.5585095680670791,-0.08126216797140932,0.8614339086521658,0.9577425561141095,0.15293299744922922,-0.24359506278812385,0.0014628343912012525,0.010829383886255428,0.12096134573221207,-0.007332914508879185,0.7455532550811768
307,0.5588123197471839,-0.0808902395481264,0.8607917715342839,0.9575054436959546,0.15309859263759845,-0.24442183644170407,0.0014533050143924365,0.010829383886255428,0.12096134573221207,-0.007332914508879185,0.7455532550811768
308,0.5588123197471839,-0.0808902395481264,0.8607917715342839,0.9572675965938802,0.15326407035501766,-0.24524842255296375,0.0014437745224778718,0.010829383886255428,0.12096134573221207,-0.007332914508879185,0.7455532550811768
309,0.5597954468028304,-0.07931417898047938,0.8591096196722089,0.9570290149903835,0.15342943047451754,-0.24607482048767204,0.0014342429227702058,0.010829383886255428,0.12096134573221207,-0.007332914508879185,0.7455532550811768
310,0.5601952516671669,-0.07867324790466869,0.8584255448182543,0.9567896990685262,0.15359467286921893,-0.24690102961174232,0.0014247102225829358,0.010829383886255428,0.12096134573221207,-0.007332914508879185,0.7455532550811768
311,0.5601952516671669,-0.07867324790466869,0.8584255448182543,0.9565496490119326,0.15375979741233317,-0.24772704929123315,0.001415176429230402,0.010829383886255428,0.12096134573221207,-0.007332914508879185,0.7455532550811768
312,0.5617452474634016,-0.07525888430373508,0.8563220661714753,0.9563088650047906,0.15392480397716182,-0.2485528788923481,0.0014056415500277848,0.010829383886255428,0.12096134573221207,-0.007332914508879185,0.7455532550811768
313,0.5618446737449873,-0.07504544522792922,0.8561943570071128,0.9560673472318515,0.15408969243709716,-0.24937851778143685,0.0013961055922910974,0.010829383886255428,0.12096134573221207,-0.007332914508879185,0.7455532550811768
314,0.5626159693542461,-0.07347164167269228,0.8553097111205896,0.9558250958784292,0.15425446266562196,-0.25020396532499534,0.0013865685633371802,0.010829383886255428,0.12096134573221207,-0.007332914508879185,0.7455532550811768
315,0.5627740992897006,-0.07320129096422001,0.8551515073006396,0.9555821111304003,0.15441911453630972,-0.2510292208896661,0.0013770304704836952,0.010829383886255428,0.12096134573221207,-0.007332914508879185,0.7455532550811768
316,0.5633742739841827,-0.07217518763094537,0.8545510521810478,0.955338393174205,0.15458364792282478,-0.2518542838422394,0.001367491321049123,0.010829383886255428,0.12096134573221207,-0.007332914508879185,0.7455532550811768
317,0.5633742739841827,-0.07217518763094537,0.8545510521810478,0.9550939421968453,0.15474806269892244,-0.2526791535496529,0.0013579511223527532,0.010829383886255428,0.12096134573221207,-0.007332914508879185,0.7455532550811768
318,0.5633742739841827,-0.07217518763094537,0.8545510521810478,0.9548487583858858,0.15491235873844897,-0.2535038293789928,0.0013484098817146788,0.010829383886255428,0.12096134573221207,-0.007332914508879185,0.7455532550811768
319,0.5637579937831368,-0.07159398373246029,0.8541791333746397,0.9546028419294534,0.15507653591534165,-0.2543283106974939,0.0013388676064557945,0.010829383886255428,0.12096134573221207,-0.007332914508879185,0.7455532550811768
320,0.5640844921481318,-0.07109945068229882,0.8538626762031982,0.9543561930162379,0.15524059410362911,-0.25515259687254027,0.0013293243038977904,0.010829383886255428,0.12096134573221207,-0.007332914508879185,0.7455532550811768
321,0.5640844921481318,-0.07109945068229882,0.8538626762031982,0.9541088118354895,0.15540453317743122,-0.2559766872716658,0.0013197799813631401,0.010829383886255428,0.12096134573221207,-0.007332914508879185,0.7455532550811768
322,0.5646562478293988,-0.07024669272165854,0.8532666989046348,0.9538606985770216,0.15556835301095923,-0.2568005812625545,0.0013102346461751038,0.010829383886255428,0.12096134573221207,-0.007332914508879185,0.7455532550811768
323,0.5648090594078756,-0.0700187784318778,0.8531074136806944,0.9536118534312092,0.1557320534785159,-0.2576242782130411,0.0013006883056577187,0.010829383886255428,0.12096134573221207,-0.007332914508879185,0.7455532550811768
324,0.5661637028972397,-0.06740623806380582,0.8506716354664032,0.9533622765889882,0.15589563445449556,-0.2584477774911117,0.0012911409671357893,0.010829383886255428,0.12096134573221207,-0.007332914508879185,0.7455532550811768
325,0.5662837376508388,-0.06718666235862554,0.8504548543497468,0.9531119682418563,0.15605909581338423,-0.2592710784649037,0.001281592637934891,0.010829383886255428,0.12096134573221207,-0.007332914508879185,0.7455532550811768
326,0.5677090018091466,-0.06474042137863596,0.8478680588201246,0.9528609285818728,0.15622243742975972,-0.26009418050270694,0.001272043325381356,0.010829383886255428,0.12096134573221207,-0.007332914508879185,0.7455532550811768
327,0.5677090018091466,-0.06474042137863596,0.8478680588201246,0.9526091578016573,0.15638565917829172,-0.26091708297296395,0.0012624930368022717,0.010829383886255428,0.12096134573221207,-0.007332914508879185,0.7455532550811768
328,0.5679109064739633,-0.06457840607380064,0.8474537115414937,0.9523566560943914,0.15654876093374193,-0.2617397852442701,0.0012529417795254752,0.010829383886255428,0.12096134573221207,-0.007332914508879185,0.7455532550811768
329,0.5684131651151982,-0.06417537632240893,0.8464229800259364,0.9521034236538166,0.15671174257096399,-0.2625622866853745,0.001243389560879547,0.010829383886255428,0.12096134573221207,-0.007332914508879185,0.7455532550811768
330,0.5684131651151982,-0.06417537632240893,0.8464229800259364,0.951849460674236,0.15687460396490388,-0.26338458666518055,0.001233836388193804,0.010829383886255428,0.12096134573221207,-0.007332914508879185,0.7455532550811768
331,0.5688379450122492,-0.06419556987584167,0.8454996478758691,0.9515947673505123,0.1570373449905997,-0.26420668455274615,0.001224282268798295,0.010829383886255428,0.12096134573221207,-0.007332914508879185,0.7455532550811768
332,0.5697206475479483,-0.06440399298658134,0.8434464091322271,0.9513393438780691,0.15719996552318202,-0.26502857971728394,0.0012147272100237964,0.010829383886255428,0.12096134573221207,-0.007332914508879185,0.7455532550811768
333,0.5700379034668184,-0.06452175743634041,0.8426738110734655,0.9510831904528905,0.15736246543787374,-0.26585027152816243,0.0012051712192018068,0.010829383886255428,0.12096134573221207,-0.007332914508879185,0.7455532550811768
334,0.5700379034668184,-0.06452175743634041,0.8426738110734655,0.9508263072715196,0.15752484460999036,-0.2666717593549061,0.0011956143036645345,0.010829383886255428,0.12096134573221207,-0.007332914508879185,0.7455532550811768
335,0.5707523213009401,-0.06470527666734775,0.8408459434087149,0.9505686945310611,0.15768710291494012,-0.2674930425671959,0.0011860564707449046,0.010829383886255428,0.12096134573221207,-0.007332914508879185,0.7455532550811768
336,0.5708616311208798,-0.06473335610929164,0.8405662696999066,0.950310352429178,0.15784924022822389,-0.2683141205348699,0.0011764977277765403,0.010829383886255428,0.12096134573221207,-0.007332914508879185,0.7455532550811768
337,0.5728266075193247,-0.06500098082029053,0.8364693455988172,0.9500512811640935,0.15801125642543534,-0.26913499262792345,0.0011669380820937656,0.010829383886255428,0.12096134573221207,-0.007332914508879185,0.7455532550811768
338,0.5728266075193247,-0.06500098082029053,0.8364693455988172,0.9497914809345906,0.1581731513822612,-0.26995565821651,0.0011573775410315963,0.010829383886255428,0.12096134573221207,-0.007332914508879185,0.7455532550811768
339,0.5728266075193247,-0.06500098082029053,0.8364693455988172,0.949530951940011,0.15833492497448118,-0.2707761166709415,0.0011478161119257365,0.010829383886255428,0.12096134573221207,-0.007332914508879185,0.7455532550811768
340,0.5728266075193247,-0.06500098082029053,0.8364693455988172,0.9492696943802561,0.15849657707796805,-0.27159636736168863,0.0011382538021125707,0.010829383886255428,0.12096134573221207,-0.007332914508879185,0.7455532550811768
341,0.5734317692980365,-0.06529846216074575,0.8349896284331394,0.9490077084557856,0.15865810756868778,-0.2724164096593817,0.0011286906189291578,0.010829383886255428,0.12096134573221207,-0.007332914508879185,0.7455532550811768
342,0.5744849079778729,-0.06581615696101849,0.8324145362227389,0.9487449943676194,0.15881951632269986,-0.2732362429348108,0.0011191265697132302,0.010829383886255428,0.12096134573221207,-0.007332914508879185,0.7455532550811768
343,0.5748873998846373,-0.06603746587651026,0.831453430810709,0.9484815523173343,0.15898080321615693,-0.27405586655892633,0.001109561661803182,0.010829383886255428,0.12096134573221207,-0.007332914508879185,0.7455532550811768
344,0.5752431739807953,-0.06623308715002531,0.8306038822768611,0.9482173825070676,0.1591419681253053,-0.27487527990283983,0.0010999959025380678,0.010829383886255428,0.12096134573221207,-0.007332914508879185,0.7455532550811768
345,0.5757249743155627,-0.06637173399438077,0.8295621016375027,0.9479524851395134,0.15930301092648477,-0.27569448233782384,0.001090429299257594,0.010829383886255428,0.12096134573221207,-0.007332914508879185,0.7455532550811768
346,0.575934737726618,-0.06643209724634506,0.8291085372775098,0.9476868604179248,0.15946393149612895,-0.27651347323531306,0.0010808618593021152,0.010829383886255428,0.12096134573221207,-0.007332914508879185,0.7455532550811768
347,0.576519822987896,-0.06650583973315354,0.828168293617601,0.9474205085461127,0.15962472971076505,-0.27733225196690414,0.0010712935900126274,0.010829383886255428,0.12096134573221207,-0.007332914508879185,0.7455532550811768
348,0.5766130508483902,-0.06651758990826077,0.8280184745902595,0.9471534297284465,0.15978540544701442,-0.278150817904357,0.0010617244987307652,0.010829383886255428,0.12096134573221207,-0.007332914508879185,0.7455532550811768
349,0.577264145918547,-0.06665560270775521,0.8270676199741729,0.9468856241698531,0.15994595858159216,-0.2789691704195941,0.0010521545927987931,0.010829383886255428,0.12096134573221207,-0.007332914508879185,0.7455532550811768
350,0.577264145918547,-0.06665560270775521,0.8270676199741729,0.9466170920758162,0.16010638899130755,-0.2797873088847025,0.001042583879559597,0.010829383886255428,0.12096134573221207,-0.007332914508879185,0.7455532550811768
351,0.5773775580778204,-0.06670161749732664,0.8268684373517275,0.9463478336523784,0.16026669655306403,-0.280605232671933,0.001033012366356687,0.010829383886255428,0.12096134573221207,-0.007332914508879185,0.7455532550811768
352,0.5778478035579055,-0.06689241050357618,0.8260425582879971,0.9460778491061382,0.16042688114385922,-0.28142294115370114,0.001023440060534184,0.010829383886255428,0.12096134573221207,-0.007332914508879185,0.7455532550811768
353,0.5782167756352544,-0.06704474525203025,0.8253927038410117,0.9458071386442527,0.16058694264078524,-0.2822404337025879,0.0010138669694368203,0.010829383886255428,0.12096134573221207,-0.007332914508879185,0.7455532550811768
354,0.578872186459686,-0.06731533982870179,0.8242383573063918,0.9455357024744346,0.16074688092102854,-0.28305770969133964,0.0010042931004099268,0.010829383886255428,0.12096134573221207,-0.007332914508879185,0.7455532550811768
355,0.5791619529625256,-0.0673744732165445,0.8238983204323346,0.9452635408049542,0.16090669586187017,-0.28387476849286913,0.0009947184607994345,0.010829383886255428,0.12096134573221207,-0.007332914508879185,0.7455532550811768
356,0.579423003810903,-0.06742774652768464,0.8235919809707946,0.9449906538446385,0.16106638734068576,-0.2846916094802557,0.000985143057951863,0.010829383886255428,0.12096134573221207,-0.007332914508879185,0.7455532550811768
357,0.5797952675552948,-0.06744998096265878,0.8232058470994025,0.9447170418028704,0.16122595523494568,-0.28550823202674575,0.0009755668992143182,0.010829383886255428,0.12096134573221207,-0.007332914508879185,0.7455532550811768
358,0.5799610013602996,-0.06745987985172845,0.823033938239861,0.94444270488959,0.16138539942221528,-0.28632463550575327,0.0009659899919344892,0.010829383886255428,0.12096134573221207,-0.007332914508879185,0.7455532550811768
359,0.5804316086414342,-0.06736712071247906,0.8225919958448455,0.9441676433152929,0.16154471978015456,-0.28714081929086055,0.000956412343460635,0.010829383886255428,0.12096134573221207,-0.007332914508879185,0.7455532550811768
360,0.5805096097933913,-0.06735174628032291,0.822518745775644,0.943891857291031,0.16170391618651875,-0.28795678275581826,0.0009468339611415843,0.010829383886255428,0.12096134573221207,-0.007332914508879185,0.7455532550811768
361,0.5811060935901702,-0.06701354954539045,0.8220784612294967,0.9436153470284121,0.1618629885191581,-0.288772525274546,0.0009372548523267333,0.010829383886255428,0.12096134573221207,-0.007332914508879185,0.7455532550811768
362,0.5811060935901702,-0.06701354954539045,0.8220784612294967,0.9433381127395996,0.16202193665601805,-0.2895880462211334,0.0009276750243660281,0.010829383886255428,0.12096134573221207,-0.007332914508879185,0.7455532550811768
363,0.5811060935901702,-0.06701354954539045,0.8220784612294967,0.9430601546373123,0.16218076047513935,-0.2904033449698394,0.000918094484609973,0.010829383886255428,0.12096134573221207,-0.007332914508879185,0.7455532550811768
364,0.5811060935901702,-0.06701354954539045,0.8220784612294967,0.9427814729348248,0.1623394598546582,-0.2912184208950939,0.0009085132404096154,0.010829383886255428,0.12096134573221207,-0.007332914508879185,0.7455532550811768
365,0.5813319781499137,-0.06680890530064884,0.8219522380404286,0.9425020678459667,0.16249803467280619,-0.29203327337149787,0.0008989312991165429,0.010829383886255428,0.12096134573221207,-0.007332914508879185,0.7455532550811768
366,0.5817415821515817,-0.0664378170701841,0.8217233533242518,0.9422219395851222,0.16265648480791048,-0.2928479017738233,0.0008893486680828801,0.010829383886255428,0.12096134573221207,-0.007332914508879185,0.7455532550811768
367,0.5817415821515817,-0.0664378170701841,0.8217233533242518,0.9419410883672313,0.162814810138394,-0.2936623054770143,0.0008797653546612805,0.010829383886255428,0.12096134573221207,-0.007332914508879185,0.7455532550811768
368,0.5821164100646752,-0.06597181968227271,0.8215081077053185,0.941659514407788,0.16297301054277535,-0.2944764838561875,0.0008701813662049182,0.010829383886255428,0.12096134573221207,-0.007332914508879185,0.7455532550811768
369,0.5823618855999169,-0.06566663707920915,0.8213671429274287,0.9413772179228408,0.16313108589966904,-0.29529043628663243,0.0008605967100674878,0.010829383886255428,0.12096134573221207,-0.007332914508879185,0.7455532550811768
370,0.5833598612819876,-0.0646000864220008,0.821129819865766,0.9410941991289933,0.16328903608778547,-0.29610416214381186,0.0008510113936031973,0.010829383886255428,0.12096134573221207,-0.007332914508879185,0.7455532550811768
371,0.5836577184711467,-0.06428176225182398,0.8210589880996826,0.9408104582434025,0.16344686098593111,-0.29691766080336235,0.0008414254241667582,0.010829383886255428,0.12096134573221207,-0.007332914508879185,0.7455532550811768
372,0.5836577184711467,-0.06428176225182398,0.8210589880996826,0.9405259954837798,0.1636045604730086,-0.297730931641095,0.000831838809113384,0.010829383886255428,0.12096134573221207,-0.007332914508879185,0.7455532550811768
373,0.584854909394696,-0.0633950578941372,0.8206748216144786,0.9402408110683907,0.1637621344280167,-0.29854397403299543,0.000822251555798787,0.010829383886255428,0.12096134573221207,-0.007332914508879185,0.7455532550811768
374,0.5849051245162836,-0.0633247761905528,0.8206127237911638,0.9399549052160545,0.16391958273005067,-0.2993567873552248,0.0008126636715791653,0.010829383886255428,0.12096134573221207,-0.007332914508879185,0.7455532550811768
375,0.5853477178280111,-0.0627053171320106,0.8200653970018821,0.9396682781461431,0.16407690525830196,-0.30016937098411994,0.0008030751638112012,0.010829383886255428,0.12096134573221207,-0.007332914508879185,0.7455532550811768
376,0.585526976290573,-0.06249343526870271,0.8200148640797472,0.9393809300785828,0.1642341018920587,-0.3009817242961941,0.0007934860398520569,0.010829383886255428,0.12096134573221207,-0.007332914508879185,0.7455532550811768
377,0.5860171608690412,-0.06191404158002388,0.8198766811522502,0.9390928612338528,0.16439117251070556,-0.3017938466681367,0.000783896307059368,0.010829383886255428,0.12096134573221207,-0.007332914508879185,0.7455532550811768
378,0.5860171608690412,-0.06191404158002388,0.8198766811522502,0.9388040718329855,0.1645481169937239,-0.3026057374768151,0.0007743059727912357,0.010829383886255428,0.12096134573221207,-0.007332914508879185,0.7455532550811768
379,0.5860171608690412,-0.06191404158002388,0.8198766811522502,0.9385145620975655,0.1647049352206918,-0.30341739609927376,0.0007647150444062218,0.010829383886255428,0.12096134573221207,-0.007332914508879185,0.7455532550811768
380,0.5864449590908355,-0.06152106848331175,0.8199456878445722,0.938224332249731,0.16486162707128432,-0.3042288219127355,0.0007551235292633483,0.010829383886255428,0.12096134573221207,-0.007332914508879185,0.7455532550811768
381,0.5867307214680297,-0.06125856873326875,0.8199917832125183,0.9379333825121722,0.16501819242527344,-0.3050400142946018,0.0007455314347220826,0.010829383886255428,0.12096134573221207,-0.007332914508879185,0.7455532550811768
382,0.5867307214680297,-0.06125856873326875,0.8199917832125183,0.9376417131081315,0.16517463116252817,-0.30585097262245337,0.0007359387681423383,0.010829383886255428,0.12096134573221207,-0.007332914508879185,0.7455532550811768
383,0.5872888833532345,-0.06099250694674306,0.8198380781693785,0.9373493242614044,0.16533094316301478,-0.30666169627405016,0.0007263455368844693,0.010829383886255428,0.12096134573221207,-0.007332914508879185,0.7455532550811768
384,0.5873886664835504,-0.060944942828481494,0.8198106001728396,0.9370562161963374,0.16548712830679663,-0.30747218462733245,0.0007167517483092612,0.010829383886255428,0.12096134573221207,-0.007332914508879185,0.7455532550811768
385,0.5880141143582966,-0.06080209396654336,0.8192348569328511,0.9367623891378292,0.1656431864740345,-0.3082824370604211,0.000707157409777927,0.010829383886255428,0.12096134573221207,-0.007332914508879185,0.7455532550811768
386,0.5880141143582966,-0.06080209396654336,0.8192348569328511,0.9364678433113304,0.16579911754498664,-0.3090924529516177,0.0006975625286521041,0.010829383886255428,0.12096134573221207,-0.007332914508879185,0.7455532550811768
387,0.5882928465760537,-0.06059436614064973,0.8190963936724855,0.9361725789428431,0.16595492140000873,-0.3099022316794056,0.0006879671122938442,0.010829383886255428,0.12096134573221207,-0.007332914508879185,0.7455532550811768
388,0.5895618115179146,-0.05964865799600404,0.8184660215377049,0.93587659625892,0.16611059791955401,-0.3107117726224502,0.0006783711680656072,0.010829383886255428,0.12096134573221207,-0.007332914508879185,0.7455532550811768
389,0.5901136349014479,-0.059055106054306854,0.8183134025504032,0.9355798954866661,0.1662661469841737,-0.3115210751595989,0.0006687747033302641,0.010829383886255428,0.12096134573221207,-0.007332914508879185,0.7455532550811768
390,0.5911568075715388,-0.05793304928336433,0.8180248900276632,0.9352824768537366,0.16642156847451653,-0.31233013866988263,0.0006591777254510809,0.010829383886255428,0.12096134573221207,-0.007332914508879185,0.7455532550811768
391,0.5911568075715388,-0.05793304928336433,0.8180248900276632,0.9349843405883375,0.16657686227132917,-0.3131389625325152,0.0006495802417917178,0.010829383886255428,0.12096134573221207,-0.007332914508879185,0.7455532550811768
392,0.5915962896827108,-0.057922961715412905,0.8179410128204616,0.9346854869192258,0.16673202825545638,-0.31394754612689457,0.0006399822597162243,0.010829383886255428,0.12096134573221207,-0.007332914508879185,0.7455532550811768
393,0.5923301561519486,-0.058202664846929,0.8177772658047745,0.9343859160757092,0.16688706630784095,-0.314755888832603,0.0006303837865890329,0.010829383886255428,0.12096134573221207,-0.007332914508879185,0.7455532550811768
394,0.5925367516656781,-0.05833893846631037,0.8177265732099497,0.9340856282876446,0.16704197630952372,-0.31556399002940766,0.0006207848297749494,0.010829383886255428,0.12096134573221207,-0.007332914508879185,0.7455532550811768
395,0.5925367516656781,-0.05833893846631037,0.8177265732099497,0.9337846237854399,0.1671967581416439,-0.31637184909726085,0.0006111853966391537,0.010829383886255428,0.12096134573221207,-0.007332914508879185,0.7455532550811768
396,0.5925367516656781,-0.05833893846631037,0.8177265732099497,0.9334829028000531,0.167351411685439,-0.3171794654163007,0.000601585494547192,0.010829383886255428,0.12096134573221207,-0.007332914508879185,0.7455532550811768
397,0.5931808033558263,-0.058779735816514245,0.8174380353295174,0.9331804655629911,0.16750593682224502,-0.3179868383668518,0.0005919851308649673,0.010829383886255428,0.12096134573221207,-0.007332914508879185,0.7455532550811768
398,0.5932418613938121,-0.05878598250618793,0.8173982053286536,0.932877312306311,0.16766033343349637,-0.31879396732942533,0.0005823843129587383,0.010829383886255428,0.12096134573221207,-0.007332914508879185,0.7455532550811768
399,0.5938414826386462,-0.05884732820221414,0.8170070542945296,0.932573443262619,0.16781460140072618,-0.31960085168471947,0.0005727830481951136,0.010829383886255428,0.12096134573221207,-0.007332914508879185,0.7455532550811768
400,0.5938414826386462,-0.05884732820221414,0.8170070542945296,0.9322688586650708,0.1679687406055662,-0.3204074908136204,0.0005631813439410423,0.010829383886255428,0.12096134573221207,-0.007332914508879185,0.7455532550811768
401,0.5940834159739248,-0.05874941135339099,0.8167998465629279,0.931963558747371,0.16812275092974713,-0.3212138840972023,0.0005535792075638123,0.010829383886255428,0.12096134573221207,-0.007332914508879185,0.7455532550811768
402,0.5945504815815446,-0.05856037749231044,0.8163998206427601,0.931657543743773,0.1682766322550984,-0.3220200309167283,0.0005439766464310415,0.010829383886255428,0.12096134573221207,-0.007332914508879185,0.7455532550811768
403,0.595291626163055,-0.058684024306270316,0.816162466760798,0.9313508138890786,0.16843038446354847,-0.32282593065365006,0.0005343736679106742,0.010829383886255428,0.12096134573221207,-0.007332914508879185,0.7455532550811768
404,0.5960119908437926,-0.058804204362745804,0.8159317677073785,0.931043369418639,0.1685840074371249,-0.3236315826896092,0.0005247702793709781,0.010829383886255428,0.12096134573221207,-0.007332914508879185,0.7455532550811768
405,0.5969455450672108,-0.06002901914785426,0.816002403362905,0.9307352105683525,0.16873750105795432,-0.3244369864064374,0.0005151664881805302,0.010829383886255428,0.12096134573221207,-0.007332914508879185,0.7455532550811768
406,0.5973991734604804,-0.06062417553950693,0.8160367263171804,0.9304263375746668,0.1688908652082628,-0.3252421411861568,0.0005055623017082205,0.010829383886255428,0.12096134573221207,-0.007332914508879185,0.7455532550811768
407,0.5973991734604804,-0.06062417553950693,0.8160367263171804,0.9301167506745764,0.16904409977037552,-0.3260470464109805,0.0004959577273232411,0.010829383886255428,0.12096134573221207,-0.007332914508879185,0.7455532550811768
408,0.5981177654945256,-0.06136514674758944,0.8160790017057092,0.9298064501056245,0.16919720462671728,-0.3268517014633131,0.0004863527723950801,0.010829383886255428,0.12096134573221207,-0.007332914508879185,0.7455532550811768
409,0.5990182927472532,-0.06195138009434652,0.816193653111025,0.9294954361059011,0.16935017965981222,-0.3276561057257513,0.00047674744429352083,0.010829383886255428,0.12096134573221207,-0.007332914508879185,0.7455532550811768
410,0.5990182927472532,-0.06195138009434652,0.816193653111025,0.9291837089140441,0.16950302475228435,-0.3284602585810841,0.00046714175038862945,0.010829383886255428,0.12096134573221207,-0.007332914508879185,0.7455532550811768
411,0.5991433886150543,-0.0620020910056871,0.8162068520079444,0.9288712687692385,0.16965573978685708,-0.32926415941229337,0.000457535698050755,0.010829383886255428,0.12096134573221207,-0.007332914508879185,0.7455532550811768
412,0.5997514930982395,-0.062248602206054035,0.8162710132670721,0.928558115911217,0.16980832464635384,-0.33006780760255444,0.00044792929465052253,0.010829383886255428,0.12096134573221207,-0.007332914508879185,0.7455532550811768
413,0.5997514930982395,-0.062248602206054035,0.8162710132670721,0.9282442505802576,0.1699607792136979,-0.3308712025352363,0.0004383225475588246,0.010829383886255428,0.12096134573221207,-0.007332914508879185,0.7455532550811768
414,0.5997514930982395,-0.062248602206054035,0.8162710132670721,0.9279296730171861,0.17011310337191232,-0.3316743435939026,0.00042871546414681504,0.010829383886255428,0.12096134573221207,-0.007332914508879185,0.7455532550811768
415,0.6000880461901259,-0.062391610237850066,0.8163206073241366,0.9276143834633749,0.1702652970041205,-0.3324772301623116,0.0004191080517859108,0.010829383886255428,0.12096134573221207,-0.007332914508879185,0.7455532550811768
416,0.6004214241858503,-0.06253326910880393,0.8163697335028661,0.9272983821607421,0.17041735999354582,-0.33327986162441675,0.00040950031784777905,0.010829383886255428,0.12096134573221207,-0.007332914508879185,0.7455532550811768
417,0.6008609201071022,-0.06275910188060298,0.8164571297020577,0.9269816693517522,0.17056929222351191,-0.3340822373643674,0.0003998922697043329,0.010829383886255428,0.12096134573221207,-0.007332914508879185,0.7455532550811768
418,0.6010791095389025,-0.06287121742429301,0.8165005178795608,0.926664245279416,0.17072109357744278,-0.33488435676650885,0.00039028391472772906,0.010829383886255428,0.12096134573221207,-0.007332914508879185,0.7455532550811768
419,0.6010791095389025,-0.06287121742429301,0.8165005178795608,0.9263461101872892,0.17087276393886283,-0.33568621921538344,0.0003806752602903556,0.010829383886255428,0.12096134573221207,-0.007332914508879185,0.7455532550811768
420,0.6016393428605954,-0.06321780115095776,0.8165824796951637,0.9260272643194739,0.171024303191397,-0.33648782409573047,0.0003710663137648335,0.010829383886255428,0.12096134573221207,-0.007332914508879185,0.7455532550811768
421,0.6023009103027026,-0.0636270743959563,0.8166792666348178,0.9257077079206171,0.1711757112187708,-0.3372891707924868,0.00036145708252400735,0.010829383886255428,0.12096134573221207,-0.007332914508879185,0.7455532550811768
